Date,Symbol,LTP,% Change,High,Low,Open,Qty.,Turnover,Status
1/2/2011,ADBL,136,-4.9,145,134,143,"10,768","1,516,505.00",1
1/3/2011,ADBL,137,0.74,140,135,136,"4,292","588,806.00",-1
1/4/2011,ADBL,139,1.46,139,133,137,"5,048","696,161.00",1
1/5/2011,ADBL,132,-5.04,140,132,139,"5,588","763,980.00",1
1/6/2011,ADBL,140,6.06,140,132,132,590,"80,520.00",-1
1/9/2011,ADBL,139,-0.71,140,136,140,"1,532","212,038.00",1
1/10/2011,ADBL,141,1.44,142,137,139,"7,614","1,054,338.00",-1
1/11/2011,ADBL,142,0.71,142,136,141,"3,488","484,135.00",1
1/12/2011,ADBL,141,-0.7,141,139,142,"3,193","446,698.00",1
1/13/2011,ADBL,138,-2.13,140,138,141,"3,867","540,098.00",-1
1/16/2011,ADBL,136,-1.45,140,134,138,"4,369","598,543.00",-1
1/17/2011,ADBL,135,-0.74,136,132,136,"7,990","1,079,380.00",-1
1/18/2011,ADBL,135,0,137,132,135,"11,563","1,556,878.00",-1
1/19/2011,ADBL,135,0,137,133,135,"4,558","617,808.00",0
1/20/2011,ADBL,135,0,135,133,135,"3,307","443,288.00",0
1/23/2011,ADBL,137,1.48,137,134,135,"1,635","221,869.00",0
1/24/2011,ADBL,143,4.38,143,137,137,"3,781","524,957.00",1
1/31/2011,ADBL,143,0,143,143,143,148,"21,164.00",1
2/1/2011,ADBL,141,-1.4,143,138,143,"9,665","1,361,313.00",0
2/2/2011,ADBL,137,-2.84,143,135,141,"2,411","335,795.00",-1
2/3/2011,ADBL,140,2.19,140,137,137,"4,730","651,206.00",-1
2/6/2011,ADBL,139,-0.71,147,138,140,"3,810","541,380.00",1
2/7/2011,ADBL,141,1.44,142,139,139,"5,215","733,936.00",-1
2/8/2011,ADBL,143,1.42,144,141,141,"3,470","495,120.00",1
2/9/2011,ADBL,145,1.4,145,140,143,"2,377","340,019.00",1
2/10/2011,ADBL,142,-2.07,146,142,145,"1,568","225,960.00",1
2/13/2011,ADBL,138,-2.82,142,137,142,"2,561","359,678.00",-1
2/14/2011,ADBL,138,0,141,135,138,"5,028","691,221.00",-1
2/15/2011,ADBL,138,0,139,138,138,"1,835","253,553.00",0
2/16/2011,ADBL,139,0.72,141,136,138,"2,565","354,730.00",0
2/17/2011,ADBL,139,0,140,136,139,"1,957","269,835.00",1
2/20/2011,ADBL,139,0,139,138,139,"3,920","541,250.00",0
2/21/2011,ADBL,135,-2.88,139,135,139,"2,290","315,330.00",0
2/22/2011,ADBL,133,-1.48,137,133,135,"1,587","213,145.00",-1
2/23/2011,ADBL,135,1.5,136,132,133,"2,680","361,050.00",-1
2/24/2011,ADBL,136,0.74,136,134,135,611,"82,165.00",1
2/27/2011,ADBL,135,-0.74,136,134,136,"2,220","298,900.00",1
2/28/2011,ADBL,132,-2.22,134,128,135,"1,492","196,608.00",-1
3/1/2011,ADBL,131,-0.76,131,124,132,"4,755","610,390.00",-1
3/3/2011,ADBL,136,3.82,136,133,131,376,"50,790.00",-1
3/7/2011,ADBL,137,0.74,137,130,136,"4,630","618,770.00",1
3/9/2011,ADBL,135,-1.46,137,135,137,"1,910","261,000.00",1
3/10/2011,ADBL,134,-0.74,139,134,135,"2,252","308,112.00",-1
3/13/2011,ADBL,136,1.49,137,135,134,"2,767","374,405.00",-1
3/14/2011,ADBL,135,-0.74,137,133,136,"3,970","537,450.00",1
3/15/2011,ADBL,130,-3.7,135,128,135,"5,050","668,780.00",-1
3/16/2011,ADBL,130,0,132,128,130,"3,052","397,264.00",-1
3/17/2011,ADBL,132,1.54,133,126,130,"4,051","522,416.00",0
3/20/2011,ADBL,133,0.76,134,131,132,"1,507","198,979.00",1
3/21/2011,ADBL,135,1.5,135,129,133,"1,587","209,205.00",1
3/22/2011,ADBL,135,0,136,130,135,"6,757","906,654.00",1
3/23/2011,ADBL,133,-1.48,136,129,135,"3,116","415,035.00",0
3/24/2011,ADBL,135,1.5,135,132,133,"2,560","342,820.00",-1
3/27/2011,ADBL,134,-0.74,135,134,135,"2,110","284,040.00",1
3/28/2011,ADBL,130,-2.99,134,130,134,"1,288","169,336.00",-1
3/29/2011,ADBL,127,-2.31,129,127,130,"1,390","178,760.00",-1
3/30/2011,ADBL,129,1.57,129,125,127,"1,261","161,332.00",-1
3/31/2011,ADBL,132,2.33,134,127,129,"1,475","191,490.00",1
4/4/2011,ADBL,131,-0.76,132,126,132,"2,927","378,740.00",1
4/5/2011,ADBL,128,-2.29,130,126,131,"1,828","236,055.00",-1
4/6/2011,ADBL,131,2.34,131,125,128,"5,221","672,814.00",-1
4/7/2011,ADBL,128,-2.29,130,126,131,825,"105,890.00",1
4/10/2011,ADBL,128,0,128,126,128,"1,531","194,797.00",-1
4/11/2011,ADBL,128,0,129,126,128,"3,030","388,690.00",0
4/13/2011,ADBL,127,-0.78,127,127,128,60,"7,620.00",0
4/17/2011,ADBL,125,-1.57,127,125,127,"1,650","207,460.00",-1
4/18/2011,ADBL,122,-2.4,126,121,125,"2,651","329,486.00",-1
4/19/2011,ADBL,126,3.28,128,120,122,866,"107,182.00",-1
4/20/2011,ADBL,126,0,128,125,126,"3,022","381,832.00",1
4/21/2011,ADBL,124,-1.59,128,123,126,"2,040","255,070.00",0
4/25/2011,ADBL,122,-1.61,124,122,124,"3,265","403,300.00",-1
4/26/2011,ADBL,122,0,122,122,122,70,"8,540.00",-1
4/27/2011,ADBL,121,-0.82,125,119,122,"3,367","406,887.00",0
4/28/2011,ADBL,124,2.48,125,122,121,"2,299","283,012.00",-1
5/2/2011,ADBL,123,-0.81,123,119,124,"2,030","245,810.00",1
5/3/2011,ADBL,127,3.25,127,123,123,"1,120","140,240.00",-1
5/4/2011,ADBL,126,-0.79,127,124,127,"2,484","312,736.00",1
5/5/2011,ADBL,125,-0.79,126,124,126,931,"116,584.00",-1
5/8/2011,ADBL,124,-0.8,131,121,125,"4,485","563,061.00",-1
5/9/2011,ADBL,124,0,124,122,124,840,"102,720.00",-1
5/10/2011,ADBL,125,0.81,126,124,124,"1,013","126,395.00",0
5/11/2011,ADBL,129,3.2,129,126,125,400,"50,780.00",1
5/12/2011,ADBL,130,0.78,131,127,129,741,"95,643.00",1
5/15/2011,ADBL,131,0.77,132,130,130,"3,412","448,352.00",1
5/16/2011,ADBL,138,5.34,138,130,131,"3,382","445,266.00",1
5/18/2011,ADBL,133,-3.62,136,128,138,"1,703","223,392.00",1
5/19/2011,ADBL,131,-1.5,135,127,133,"2,307","304,895.00",-1
5/22/2011,ADBL,131,0,131,128,131,"1,918","248,828.00",-1
5/23/2011,ADBL,130,-0.76,133,128,131,"4,281","560,579.00",0
5/24/2011,ADBL,132,1.54,132,128,130,"2,801","362,950.00",-1
5/25/2011,ADBL,128,-3.03,130,128,132,690,"89,350.00",1
5/26/2011,ADBL,129,0.78,129,128,128,590,"76,010.00",-1
5/30/2011,ADBL,130,0.78,132,128,129,"1,283","167,103.00",1
5/31/2011,ADBL,132,1.54,132,126,130,"1,623","209,534.00",1
6/1/2011,ADBL,128,-3.03,131,128,132,"1,013","130,927.00",1
6/2/2011,ADBL,129,0.78,130,128,128,"3,753","483,975.00",-1
6/5/2011,ADBL,126,-2.33,129,126,129,930,"118,940.00",1
6/6/2011,ADBL,122,-3.17,127,122,126,816,"101,444.00",-1
6/7/2011,ADBL,118,-3.28,122,118,122,"2,242","268,962.00",-1
6/8/2011,ADBL,118,0,118,116,118,270,"31,540.00",-1
6/9/2011,ADBL,120,1.69,120,114,118,"1,656","190,891.00",0
6/12/2011,ADBL,120,0,122,118,120,"1,031","123,239.00",1
6/13/2011,ADBL,117,-2.5,121,117,120,"1,601","189,667.00",0
6/14/2011,ADBL,117,0,117,115,117,640,"74,480.00",-1
6/15/2011,ADBL,121,3.42,121,115,117,"1,069","125,961.00",0
6/16/2011,ADBL,124,2.48,124,121,121,541,"66,591.00",1
6/19/2011,ADBL,130,4.84,130,126,124,523,"66,758.00",1
6/20/2011,ADBL,134,3.08,135,130,130,"2,816","373,640.00",1
6/21/2011,ADBL,136,1.49,139,136,134,632,"86,886.00",1
6/23/2011,ADBL,147,8.09,147,138,136,661,"94,663.00",1
6/26/2011,ADBL,147,0,151,147,147,670,"100,360.00",1
6/29/2011,ADBL,140,-4.76,140,140,147,220,"30,800.00",0
7/4/2011,ADBL,126,-10,138,126,140,"2,659","348,714.00",-1
7/5/2011,ADBL,126,0,126,120,126,"1,253","153,713.00",-1
7/6/2011,ADBL,125,-0.79,127,124,126,"1,475","184,107.00",0
7/7/2011,ADBL,125,0,128,124,125,953,"119,940.00",-1
7/10/2011,ADBL,125,0,127,125,125,"1,940","244,210.00",0
7/11/2011,ADBL,127,1.6,127,122,125,"2,172","267,740.00",0
7/12/2011,ADBL,127,0,127,124,127,"4,396","549,060.00",1
7/13/2011,ADBL,131,3.15,133,129,127,"1,322","173,152.00",0
7/14/2011,ADBL,130,-0.76,133,130,131,911,"118,613.00",1
7/18/2011,ADBL,132,1.54,132,132,130,60,"7,920.00",-1
7/19/2011,ADBL,132,0,134,128,132,"1,450","192,560.00",1
7/20/2011,ADBL,132,0,134,132,132,"2,761","364,712.00",0
7/21/2011,ADBL,132,0,132,129,132,"1,540","201,150.00",0
7/24/2011,ADBL,130,-1.52,132,127,132,"3,830","491,580.00",0
7/25/2011,ADBL,129,-0.77,129,126,130,"1,130","145,160.00",-1
7/26/2011,ADBL,127,-1.55,127,125,129,400,"50,240.00",-1
7/27/2011,ADBL,132,3.94,132,125,127,"1,932","249,358.00",-1
7/28/2011,ADBL,128,-3.03,132,128,132,"1,146","149,697.00",1
7/31/2011,ADBL,125,-2.34,129,122,128,"2,491","312,693.00",-1
8/1/2011,ADBL,126,0.8,126,123,125,"1,030","128,640.00",-1
8/2/2011,ADBL,125,-0.79,126,125,126,"2,112","264,385.00",1
8/3/2011,ADBL,123,-1.6,126,123,125,"1,425","177,475.00",-1
8/4/2011,ADBL,126,2.44,126,124,123,110,"13,740.00",-1
8/7/2011,ADBL,125,-0.79,126,123,126,685,"85,519.00",1
8/8/2011,ADBL,125,0,127,124,125,"2,076","259,460.00",-1
8/9/2011,ADBL,123,-1.6,126,123,125,"3,006","371,852.00",0
8/10/2011,ADBL,125,1.63,125,123,123,"1,838","228,763.00",-1
8/11/2011,ADBL,123,-1.6,125,121,125,"1,547","190,621.00",1
8/15/2011,ADBL,127,3.25,129,121,123,"2,387","300,965.00",-1
8/16/2011,ADBL,126,-0.79,127,125,127,827,"104,729.00",1
8/17/2011,ADBL,130,3.17,130,126,126,"2,452","313,314.00",-1
8/18/2011,ADBL,128,-1.54,128,127,130,772,"98,506.00",1
8/22/2011,ADBL,127,-0.78,127,127,128,"1,000","127,000.00",-1
8/23/2011,ADBL,127,0,127,124,127,"6,027","757,268.00",-1
8/24/2011,ADBL,126,-0.79,127,125,127,"1,351","169,857.00",0
8/25/2011,ADBL,126,0,126,122,126,"1,662","205,859.00",-1
8/28/2011,ADBL,126,0,127,126,126,281,"35,507.00",0
8/29/2011,ADBL,124,-1.59,126,123,126,435,"54,250.00",0
8/30/2011,ADBL,122,-1.61,124,122,124,490,"60,280.00",-1
9/1/2011,ADBL,125,2.46,126,123,122,"1,452","180,419.00",-1
9/4/2011,ADBL,125,0,125,120,125,"1,402","171,368.00",1
9/5/2011,ADBL,120,-4,123,118,125,"2,152","259,129.00",0
9/6/2011,ADBL,121,0.83,121,118,120,"3,800","457,550.00",-1
9/7/2011,ADBL,120,-0.83,122,119,121,"3,400","411,001.00",1
9/8/2011,ADBL,121,0.83,121,119,120,"1,120","134,020.00",-1
9/12/2011,ADBL,119,-1.65,121,119,121,"1,934","231,304.00",1
9/13/2011,ADBL,118,-0.84,118,114,119,"1,498","174,718.00",-1
9/14/2011,ADBL,117,-0.85,119,116,118,"1,880","221,098.00",-1
9/15/2011,ADBL,120,2.56,120,118,117,845,"101,020.00",-1
9/18/2011,ADBL,116,-3.33,120,115,120,992,"116,181.00",1
9/19/2011,ADBL,117,0.86,118,116,116,403,"47,168.00",-1
9/20/2011,ADBL,118,0.85,120,118,117,571,"68,039.00",1
9/21/2011,ADBL,117,-0.85,117,117,118,683,"79,911.00",1
9/22/2011,ADBL,118,0.85,120,116,117,"1,230","145,130.00",-1
9/25/2011,ADBL,120,1.69,120,116,118,"2,124","249,661.00",1
9/26/2011,ADBL,120,0,120,115,120,"1,155","136,110.00",1
9/27/2011,ADBL,118,-1.67,119,118,120,"1,650","195,440.00",0
9/29/2011,ADBL,118,0,119,117,118,"1,062","125,124.00",-1
10/2/2011,ADBL,117,-0.85,117,115,118,320,"37,210.00",0
10/10/2011,ADBL,120,2.56,120,116,117,781,"92,063.00",-1
10/12/2011,ADBL,118,-1.67,118,115,120,974,"113,308.00",1
10/13/2011,ADBL,118,0,119,116,118,"3,345","391,615.00",-1
10/16/2011,ADBL,117,-0.85,119,116,118,"1,400","164,296.00",0
10/17/2011,ADBL,117,0,117,115,117,"1,261","147,132.00",-1
10/18/2011,ADBL,116,-0.85,117,115,117,991,"115,077.00",0
10/19/2011,ADBL,117,0.86,117,117,116,820,"95,940.00",-1
10/20/2011,ADBL,116,-0.85,118,114,117,956,"111,213.00",1
10/23/2011,ADBL,115,-0.86,117,115,116,"1,908","221,180.00",-1
10/24/2011,ADBL,116,0.87,118,115,115,"1,190","138,420.00",-1
10/25/2011,ADBL,119,2.59,119,114,116,"1,244","146,192.00",1
10/30/2011,ADBL,120,0.84,121,120,119,"9,320","1,127,600.00",1
10/31/2011,ADBL,119,-0.83,119,116,120,"1,262","148,740.00",1
11/2/2011,ADBL,129,8.4,129,121,119,110,"13,870.00",-1
11/3/2011,ADBL,133,3.1,135,131,129,"5,625","739,865.00",1
11/6/2011,ADBL,120,-9.77,131,120,133,"3,883","468,994.00",1
11/8/2011,ADBL,119,-0.83,120,117,120,"2,100","247,629.00",-1
11/9/2011,ADBL,118,-0.84,120,118,119,"1,182","139,809.00",-1
11/10/2011,ADBL,119,0.85,119,118,118,"3,122","368,686.00",-1
11/13/2011,ADBL,120,0.84,120,118,119,"1,164","139,094.00",1
11/14/2011,ADBL,122,1.67,122,114,120,"2,691","314,662.00",1
11/15/2011,ADBL,119,-2.46,121,118,122,"1,157","138,490.00",1
11/16/2011,ADBL,120,0.84,120,118,119,"1,400","166,860.00",-1
11/17/2011,ADBL,118,-1.67,120,118,120,734,"86,866.00",1
11/20/2011,ADBL,118,0,118,115,118,"2,545","297,845.00",-1
11/21/2011,ADBL,118,0,118,117,118,"1,461","172,188.00",0
11/22/2011,ADBL,117,-0.85,118,117,118,"1,141","133,767.00",0
11/23/2011,ADBL,117,0,118,117,117,410,"48,010.00",-1
11/24/2011,ADBL,117,0,119,114,117,"1,499","175,671.00",0
11/27/2011,ADBL,119,1.71,119,116,117,"2,513","295,234.00",0
11/28/2011,ADBL,118,-0.84,118,117,119,61,"7,168.00",1
11/29/2011,ADBL,125,5.93,125,117,118,723,"86,474.00",-1
12/5/2011,ADBL,121,-3.2,123,121,125,20,"2,440.00",1
12/6/2011,ADBL,119,-1.65,119,119,121,30,"3,570.00",-1
12/7/2011,ADBL,114,-4.2,117,114,119,"5,809","668,048.00",-1
12/8/2011,ADBL,117,2.63,117,114,114,"3,872","445,802.00",-1
12/11/2011,ADBL,115,-1.71,115,113,117,"1,249","142,286.00",1
12/12/2011,ADBL,115,0,115,114,115,"1,087","123,949.00",-1
12/13/2011,ADBL,114,-0.87,115,113,115,"2,102","238,809.00",0
12/14/2011,ADBL,114,0,116,113,114,"1,225","139,440.00",-1
12/15/2011,ADBL,114,0,115,113,114,"2,866","327,977.00",0
12/18/2011,ADBL,114,0,115,112,114,651,"73,614.00",0
12/19/2011,ADBL,113,-0.88,116,113,114,"1,228","141,948.00",0
12/20/2011,ADBL,113,0,115,113,113,"1,011","114,544.00",-1
12/21/2011,ADBL,116,2.65,116,113,113,"1,397","159,698.00",0
12/22/2011,ADBL,116,0,116,114,116,210,"24,120.00",1
12/26/2011,ADBL,113,-2.59,114,112,116,"1,702","191,866.00",0
12/27/2011,ADBL,114,0.88,114,113,113,"1,405","159,578.00",-1
12/28/2011,ADBL,113,-0.88,113,113,114,250,"28,250.00",1
12/29/2011,ADBL,115,1.77,116,112,113,"1,699","193,297.00",-1
1/1/2012,ADBL,114,-0.87,115,113,115,"1,111","125,973.00",1
1/2/2012,ADBL,118,3.51,118,115,114,551,"64,227.00",-1
1/3/2012,ADBL,115,-2.54,116,114,118,490,"56,130.00",1
1/4/2012,ADBL,114,-0.87,115,113,115,"3,220","369,040.00",-1
1/5/2012,ADBL,113,-0.88,114,112,114,775,"87,595.00",-1
1/8/2012,ADBL,114,0.88,115,113,113,"3,240","369,120.00",-1
1/9/2012,ADBL,111,-2.63,113,111,114,"1,710","190,718.00",1
1/10/2012,ADBL,112,0.9,114,112,111,549,"62,007.00",-1
1/11/2012,ADBL,112,0,112,111,112,"2,477","277,012.00",1
1/12/2012,ADBL,112,0,112,110,112,"3,102","344,864.00",0
1/16/2012,ADBL,111,-0.89,112,111,112,"1,049","116,985.00",0
1/17/2012,ADBL,113,1.8,114,110,111,866,"96,445.00",-1
1/18/2012,ADBL,118,4.42,118,114,113,"2,190","253,740.00",1
1/19/2012,ADBL,117,-0.85,117,115,118,411,"47,745.00",1
1/22/2012,ADBL,117,0,118,115,117,"4,484","522,708.00",-1
1/23/2012,ADBL,112,-4.27,115,111,117,"1,650","187,270.00",0
1/25/2012,ADBL,114,1.79,114,111,112,"1,170","130,710.00",-1
1/26/2012,ADBL,112,-1.75,114,110,114,"1,060","118,750.00",1
1/29/2012,ADBL,112,0,114,111,112,"4,200","473,960.00",-1
1/31/2012,ADBL,110,-1.79,114,110,112,"2,291","254,352.00",0
2/1/2012,ADBL,111,0.91,113,110,110,"1,833","203,887.00",-1
2/2/2012,ADBL,111,0,113,111,111,"3,946","442,100.00",1
2/5/2012,ADBL,110,-0.9,111,109,111,"1,611","176,945.00",0
2/6/2012,ADBL,111,0.91,111,110,110,992,"109,391.00",-1
2/7/2012,ADBL,110,-0.9,110,107,111,"2,091","227,290.00",1
2/8/2012,ADBL,110,0,110,109,110,386,"42,300.00",-1
2/9/2012,ADBL,109,-0.91,110,109,110,920,"100,990.00",0
2/12/2012,ADBL,109,0,109,108,109,"1,309","142,115.00",-1
2/13/2012,ADBL,108,-0.92,111,107,109,"1,992","216,906.00",0
2/14/2012,ADBL,109,0.93,110,107,108,"1,961","211,790.00",-1
2/15/2012,ADBL,111,1.83,111,110,109,276,"30,410.00",1
2/16/2012,ADBL,108,-2.7,109,107,111,550,"59,100.00",1
2/21/2012,ADBL,109,0.93,109,108,108,631,"68,289.00",-1
2/23/2012,ADBL,109,0,109,107,109,"1,230","132,700.00",1
2/26/2012,ADBL,107,-1.83,109,105,109,"2,747","293,109.00",0
2/27/2012,ADBL,108,0.93,109,107,107,"1,285","139,322.00",-1
2/28/2012,ADBL,109,0.93,110,107,108,"2,204","238,530.00",1
2/29/2012,ADBL,108,-0.92,109,108,109,"1,030","111,630.00",1
3/1/2012,ADBL,108,0,109,107,108,"2,300","249,002.00",-1
3/4/2012,ADBL,109,0.93,109,104,108,"1,451","155,189.00",0
3/5/2012,ADBL,107,-1.83,109,107,109,460,"49,660.00",1
3/6/2012,ADBL,105,-1.87,107,105,107,"2,124","225,526.00",-1
3/11/2012,ADBL,106,0.95,106,105,105,754,"79,584.00",-1
3/12/2012,ADBL,106,0,107,102,106,"1,022","106,572.00",1
3/13/2012,ADBL,104,-1.89,106,104,106,"1,321","137,985.00",0
3/14/2012,ADBL,103,-0.96,105,103,104,793,"82,513.00",-1
3/15/2012,ADBL,103,0,103,101,103,842,"85,504.00",-1
3/18/2012,ADBL,103,0,103,101,103,"1,003","102,758.00",0
3/19/2012,ADBL,102,-0.97,105,102,103,311,"32,483.00",0
3/20/2012,ADBL,101,-0.98,103,101,102,"4,107","416,910.00",-1
3/21/2012,ADBL,104,2.97,106,101,101,"1,257","129,261.00",-1
3/25/2012,ADBL,106,1.92,106,102,104,920,"95,370.00",1
3/26/2012,ADBL,107,0.94,107,103,106,"2,082","221,133.00",1
3/27/2012,ADBL,103,-3.74,105,102,107,270,"27,830.00",1
3/28/2012,ADBL,106,2.91,106,104,103,"1,615","169,040.00",-1
3/29/2012,ADBL,105,-0.94,108,105,106,"1,395","148,120.00",1
4/1/2012,ADBL,106,0.95,106,105,105,"1,762","185,480.00",-1
4/2/2012,ADBL,105,-0.94,106,104,106,"1,275","133,865.00",1
4/3/2012,ADBL,106,0.95,106,106,105,680,"72,080.00",-1
4/4/2012,ADBL,105,-0.94,106,105,106,"3,550","376,180.00",1
4/5/2012,ADBL,106,0.95,106,105,105,680,"71,490.00",-1
4/8/2012,ADBL,106,0,106,105,106,"1,051","111,356.00",1
4/9/2012,ADBL,106,0,107,105,106,921,"97,896.00",0
4/10/2012,ADBL,106,0,106,104,106,"1,313","138,808.00",0
4/11/2012,ADBL,107,0.94,110,107,106,"2,180","233,710.00",0
4/12/2012,ADBL,114,6.54,114,108,107,683,"75,303.00",1
4/15/2012,ADBL,123,7.89,124,116,114,"2,514","301,404.00",1
4/16/2012,ADBL,135,9.76,135,125,123,833,"109,229.00",1
4/17/2012,ADBL,130,-3.7,133,130,135,"1,789","235,440.00",1
4/18/2012,ADBL,124,-4.62,128,120,130,"3,301","408,208.00",-1
4/19/2012,ADBL,122,-1.61,128,120,124,"4,668","576,322.00",-1
4/22/2012,ADBL,123,0.82,124,122,122,"1,560","192,010.00",-1
4/24/2012,ADBL,129,4.88,129,125,123,100,"12,700.00",1
4/25/2012,ADBL,135,4.65,135,135,129,70,"9,450.00",1
4/26/2012,ADBL,148,9.63,148,137,135,"8,831","1,274,199.00",1
4/29/2012,ADBL,150,1.35,159,141,148,"8,923","1,328,959.00",1
4/30/2012,ADBL,140,-6.67,153,135,150,"5,694","813,164.00",1
5/2/2012,ADBL,128,-8.57,140,128,140,980,"129,220.00",-1
5/3/2012,ADBL,132,3.12,132,130,128,241,"31,510.00",-1
5/7/2012,ADBL,134,1.52,134,134,132,183,"24,522.00",1
5/8/2012,ADBL,142,5.97,142,136,134,"2,332","321,736.00",1
5/9/2012,ADBL,142,0,148,133,142,"7,062","996,321.00",1
5/10/2012,ADBL,139,-2.11,142,129,142,"11,243","1,556,324.00",0
5/13/2012,ADBL,132,-5.04,137,130,139,"3,133","415,883.00",-1
5/14/2012,ADBL,125,-5.3,130,121,132,"5,092","635,763.00",-1
5/15/2012,ADBL,137,9.6,137,127,125,696,"92,212.00",-1
5/16/2012,ADBL,139,1.46,139,139,137,150,"20,850.00",1
5/17/2012,ADBL,141,1.44,147,141,139,"6,469","933,133.00",1
5/20/2012,ADBL,139,-1.42,142,134,141,"6,548","909,268.00",1
5/21/2012,ADBL,139,0,145,138,139,"3,222","451,680.00",-1
5/22/2012,ADBL,143,2.88,143,133,139,"8,963","1,252,988.00",0
5/23/2012,ADBL,133,-6.99,141,133,143,905,"123,926.00",1
5/24/2012,ADBL,143,7.52,143,133,133,"7,754","1,084,486.00",-1
5/27/2012,ADBL,148,3.5,153,140,143,"6,836","998,739.00",1
5/29/2012,ADBL,134,-9.46,146,134,148,"3,959","531,126.00",1
5/30/2012,ADBL,121,-9.7,132,121,134,"4,480","557,981.00",-1
5/31/2012,ADBL,128,5.79,128,119,121,"1,231","151,903.00",-1
6/3/2012,ADBL,140,9.38,140,125,128,"1,647","216,171.00",1
6/4/2012,ADBL,133,-5,141,130,140,"3,705","505,703.00",1
6/5/2012,ADBL,133,0,135,131,133,"2,968","396,926.00",-1
6/6/2012,ADBL,126,-5.26,131,125,133,"1,331","169,046.00",0
6/7/2012,ADBL,131,3.97,134,122,126,"2,120","272,620.00",-1
6/10/2012,ADBL,138,5.34,140,133,131,"8,139","1,121,181.00",1
6/11/2012,ADBL,140,1.45,142,136,138,"4,583","639,992.00",1
6/12/2012,ADBL,140,0,142,139,140,"4,983","700,086.00",1
6/13/2012,ADBL,141,0.71,146,138,140,"8,518","1,212,358.00",0
6/14/2012,ADBL,136,-3.55,139,133,141,"1,912","261,330.00",1
6/17/2012,ADBL,134,-1.47,136,128,136,"2,426","319,452.00",-1
6/18/2012,ADBL,133,-0.75,133,130,134,"2,589","339,342.00",-1
6/19/2012,ADBL,132,-0.75,133,131,133,"1,549","205,401.00",-1
6/20/2012,ADBL,134,1.52,136,132,132,"1,361","181,782.00",-1
6/21/2012,ADBL,136,1.49,137,135,134,"1,170","159,205.00",1
6/25/2012,ADBL,140,2.94,140,133,136,"1,760","240,479.00",1
6/26/2012,ADBL,136,-2.86,138,134,140,"2,036","276,849.00",1
6/27/2012,ADBL,140,2.94,140,132,136,"2,422","335,010.00",-1
6/28/2012,ADBL,140,0,142,139,140,"2,876","405,460.00",1
7/1/2012,ADBL,142,1.43,142,140,140,"3,643","511,666.00",0
7/2/2012,ADBL,141,-0.7,145,140,142,"3,256","461,850.00",1
7/3/2012,ADBL,141,0,141,140,141,880,"123,560.00",-1
7/4/2012,ADBL,146,3.55,146,140,141,"3,868","552,017.00",0
7/5/2012,ADBL,145,-0.68,145,142,146,"3,056","440,599.00",1
7/8/2012,ADBL,144,-0.69,148,143,145,"2,338","339,189.00",-1
7/9/2012,ADBL,148,2.78,150,144,144,"3,893","580,402.00",-1
7/10/2012,ADBL,150,1.35,153,148,148,"3,747","562,915.00",1
7/11/2012,ADBL,152,1.33,152,148,150,"3,631","547,862.00",1
7/12/2012,ADBL,151,-0.66,156,149,152,"3,977","603,820.00",1
7/15/2012,ADBL,156,3.31,156,151,151,"1,722","264,957.00",-1
7/16/2012,ADBL,162,3.85,162,150,156,"12,898","2,056,829.00",1
7/17/2012,ADBL,171,5.56,175,161,162,"12,061","2,022,192.00",1
7/18/2012,ADBL,186,8.77,186,170,171,"8,985","1,579,465.00",1
7/19/2012,ADBL,198,6.45,198,176,186,"21,519","3,981,231.00",1
7/22/2012,ADBL,192,-3.03,200,187,198,"19,689","3,862,081.00",1
7/23/2012,ADBL,190,-1.04,198,189,192,"13,375","2,595,472.00",-1
7/24/2012,ADBL,190,0,190,181,190,"7,364","1,373,111.00",-1
7/25/2012,ADBL,184,-3.16,187,181,190,"10,548","1,941,772.00",0
7/26/2012,ADBL,177,-3.8,181,175,184,"4,910","865,984.00",-1
7/29/2012,ADBL,166,-6.21,174,161,177,"4,932","816,039.00",-1
7/30/2012,ADBL,171,3.01,172,163,166,"7,450","1,264,553.00",-1
7/31/2012,ADBL,176,2.92,182,168,171,"4,757","830,988.00",1
8/1/2012,ADBL,180,2.27,182,174,176,"6,479","1,164,471.00",1
8/5/2012,ADBL,181,0.56,184,178,180,"4,178","756,789.00",1
8/6/2012,ADBL,181,0,183,180,181,"5,741","1,041,584.00",1
8/7/2012,ADBL,176,-2.76,184,174,181,"4,255","766,179.00",0
8/8/2012,ADBL,179,1.7,179,170,176,"6,744","1,193,276.00",-1
8/12/2012,ADBL,171,-4.47,179,167,179,"3,111","526,901.00",1
8/13/2012,ADBL,168,-1.75,168,160,171,"3,464","565,610.00",-1
8/14/2012,ADBL,166,-1.19,168,165,168,"1,990","331,980.00",-1
8/15/2012,ADBL,163,-1.81,166,161,166,"4,533","745,798.00",-1
8/16/2012,ADBL,170,4.29,176,166,163,"5,649","963,562.00",-1
8/19/2012,ADBL,173,1.76,175,170,170,"5,601","963,445.00",1
8/21/2012,ADBL,166,-4.05,175,164,173,"5,218","872,531.00",1
8/22/2012,ADBL,165,-0.6,167,161,166,"4,219","694,872.00",-1
8/23/2012,ADBL,165,0,167,162,165,"3,162","518,253.00",-1
8/26/2012,ADBL,173,4.85,174,165,165,"10,162","1,747,933.00",0
8/27/2012,ADBL,175,1.16,177,174,173,"3,340","585,390.00",1
8/28/2012,ADBL,177,1.14,180,173,175,"7,405","1,315,960.00",1
8/29/2012,ADBL,176,-0.56,176,173,177,"6,758","1,185,158.00",1
8/30/2012,ADBL,171,-2.84,173,170,176,"1,905","327,625.00",-1
9/2/2012,ADBL,171,0,172,170,171,"2,866","489,510.00",-1
9/3/2012,ADBL,171,0,175,171,171,"4,178","719,780.00",0
9/4/2012,ADBL,170,-0.58,170,168,171,"5,642","957,458.00",0
9/5/2012,ADBL,170,0,172,170,170,"2,370","403,420.00",-1
9/6/2012,ADBL,170,0,171,170,170,"7,102","1,207,410.00",0
9/9/2012,ADBL,171,0.59,172,170,170,"5,013","856,792.00",0
9/10/2012,ADBL,172,0.58,172,166,171,"5,097","870,547.00",1
9/11/2012,ADBL,172,0,172,170,172,"1,662","284,433.00",1
9/12/2012,ADBL,171,-0.58,172,171,172,"3,222","552,452.00",0
9/13/2012,ADBL,173,1.17,173,171,171,"2,968","512,518.00",-1
9/16/2012,ADBL,175,1.16,175,172,173,"3,274","568,210.00",1
9/17/2012,ADBL,177,1.14,177,173,175,"3,239","566,717.00",1
9/18/2012,ADBL,180,1.69,183,175,177,"2,338","418,066.00",1
9/19/2012,ADBL,182,1.11,182,177,180,"10,568","1,907,189.00",1
9/20/2012,ADBL,180,-1.1,181,179,182,"8,013","1,444,364.00",1
9/23/2012,ADBL,180,0,182,177,180,"7,991","1,441,392.00",-1
9/24/2012,ADBL,177,-1.67,180,177,180,160,"28,680.00",0
9/25/2012,ADBL,175,-1.13,176,172,177,"4,295","744,936.00",-1
9/26/2012,ADBL,177,1.14,177,172,175,"6,587","1,160,788.00",-1
9/27/2012,ADBL,174,-1.69,174,173,177,"1,695","294,040.00",1
9/30/2012,ADBL,175,0.57,175,173,174,"5,747","1,003,775.00",-1
10/1/2012,ADBL,175,0,176,173,175,"4,962","869,140.00",1
10/2/2012,ADBL,175,0,176,175,175,"2,888","505,550.00",0
10/3/2012,ADBL,176,0.57,176,172,175,"2,684","468,831.00",0
10/4/2012,ADBL,175,-0.57,177,175,176,"2,620","458,704.00",1
10/7/2012,ADBL,175,0,178,175,175,"3,211","567,262.00",-1
10/8/2012,ADBL,175,0,176,175,175,"3,157","552,856.00",0
10/9/2012,ADBL,175,0,176,175,175,"5,229","917,062.00",0
10/10/2012,ADBL,176,0.57,181,175,175,"3,367","596,925.00",0
10/11/2012,ADBL,175,-0.57,177,175,176,"7,164","1,258,070.00",1
10/14/2012,ADBL,177,1.14,178,175,175,"3,698","652,719.00",-1
10/15/2012,ADBL,176,-0.56,177,175,177,"2,449","432,540.00",1
10/17/2012,ADBL,178,1.14,178,178,176,517,"92,026.00",-1
10/18/2012,ADBL,178,0,179,176,178,"1,405","248,955.00",1
10/30/2012,ADBL,183,2.81,183,176,178,"1,294","231,559.00",0
10/31/2012,ADBL,182,-0.55,189,180,183,"2,858","530,873.00",1
11/1/2012,ADBL,182,0,182,180,182,"2,402","435,712.00",-1
11/4/2012,ADBL,186,2.2,190,179,182,"3,923","724,571.00",0
11/5/2012,ADBL,188,1.08,191,180,186,"2,610","490,577.00",1
11/6/2012,ADBL,188,0,190,187,188,"3,708","702,020.00",1
11/7/2012,ADBL,195,3.72,199,184,188,"4,246","817,138.00",0
11/8/2012,ADBL,194,-0.51,201,194,195,"3,508","694,262.00",1
11/11/2012,ADBL,194,0,200,191,194,"2,797","546,479.00",-1
11/12/2012,ADBL,196,1.03,196,192,194,"3,161","614,689.00",0
11/18/2012,ADBL,202,3.06,209,195,196,"4,897","994,614.00",1
11/20/2012,ADBL,204,0.99,210,199,202,"3,585","733,012.00",1
11/21/2012,ADBL,205,0.49,208,200,204,"7,505","1,525,135.00",1
11/22/2012,ADBL,205,0,206,200,205,"12,951","2,639,478.00",1
11/25/2012,ADBL,211,2.93,216,206,205,"7,730","1,616,875.00",0
11/26/2012,ADBL,208,-1.42,209,203,211,"59,247","12,242,826.00",1
11/27/2012,ADBL,203,-2.4,209,203,208,"3,234","669,924.00",-1
11/28/2012,ADBL,208,2.46,211,200,203,"5,510","1,140,060.00",-1
11/29/2012,ADBL,207,-0.48,208,206,208,"2,261","468,543.00",1
12/2/2012,ADBL,201,-2.9,207,200,207,"4,800","979,797.00",-1
12/3/2012,ADBL,203,1,206,200,201,"4,633","940,840.00",-1
12/4/2012,ADBL,204,0.49,210,203,203,"3,519","724,455.00",1
12/5/2012,ADBL,208,1.96,212,205,204,"5,953","1,242,677.00",1
12/6/2012,ADBL,206,-0.96,208,206,208,"1,830","378,272.00",1
12/9/2012,ADBL,204,-0.97,205,200,206,"5,198","1,049,273.00",-1
12/10/2012,ADBL,201,-1.47,202,200,204,"4,919","990,072.00",-1
12/11/2012,ADBL,205,1.99,205,201,201,"3,414","692,828.00",-1
12/13/2012,ADBL,208,1.46,208,204,205,"3,290","677,622.00",1
12/16/2012,ADBL,215,3.37,224,207,208,"5,244","1,122,454.00",1
12/17/2012,ADBL,218,1.4,220,215,215,"6,656","1,444,230.00",1
12/18/2012,ADBL,215,-1.38,216,203,218,"5,273","1,109,014.00",1
12/19/2012,ADBL,216,0.47,218,211,215,"8,116","1,754,927.00",-1
12/20/2012,ADBL,209,-3.24,218,209,216,"5,727","1,225,914.00",1
12/23/2012,ADBL,213,1.91,217,205,209,"7,171","1,521,313.00",-1
12/24/2012,ADBL,228,7.04,230,213,213,"3,500","761,899.00",1
12/26/2012,ADBL,238,4.39,240,228,228,"6,219","1,457,520.00",1
12/27/2012,ADBL,250,5.04,255,231,238,"4,877","1,180,004.00",1
12/31/2012,ADBL,240,-4,249,233,250,"14,630","3,535,419.00",1
1/1/2013,ADBL,238,-0.83,241,233,240,"7,961","1,886,847.00",-1
1/2/2013,ADBL,242,1.68,242,233,238,"5,628","1,338,716.00",-1
1/3/2013,ADBL,246,1.65,250,235,242,"10,342","2,525,509.00",1
1/6/2013,ADBL,241,-2.03,245,238,246,"6,384","1,537,292.00",1
1/7/2013,ADBL,241,0,241,237,241,"6,744","1,618,316.00",-1
1/8/2013,ADBL,239,-0.83,244,234,241,"7,156","1,703,991.00",0
1/9/2013,ADBL,238,-0.42,240,233,239,"3,658","859,760.00",-1
1/10/2013,ADBL,243,2.1,243,234,238,"3,936","926,659.00",-1
1/13/2013,ADBL,240,-1.23,241,235,243,"5,314","1,270,879.00",1
1/15/2013,ADBL,264,10,264,240,240,"14,770","3,792,351.00",-1
1/16/2013,ADBL,270,2.27,287,252,264,"19,323","5,252,055.00",1
1/17/2013,ADBL,254,-5.93,271,250,270,"5,818","1,487,094.00",1
1/20/2013,ADBL,247,-2.76,251,242,254,"2,655","650,337.00",-1
1/21/2013,ADBL,251,1.62,255,244,247,"6,088","1,518,158.00",-1
1/22/2013,ADBL,261,3.98,265,250,251,"7,109","1,844,536.00",1
1/23/2013,ADBL,260,-0.38,262,257,261,"4,532","1,179,857.00",1
1/24/2013,ADBL,252,-3.08,260,252,260,"4,722","1,213,666.00",-1
1/27/2013,ADBL,250,-0.79,253,241,252,"3,268","814,458.00",-1
1/28/2013,ADBL,243,-2.8,249,242,250,"6,464","1,584,602.00",-1
1/30/2013,ADBL,242,-0.41,243,240,243,"5,603","1,349,446.00",-1
1/31/2013,ADBL,236,-2.48,246,233,242,"2,997","708,013.00",-1
2/3/2013,ADBL,241,2.12,248,236,236,"4,519","1,095,421.00",-1
2/4/2013,ADBL,242,0.41,242,236,241,"2,909","699,241.00",1
2/5/2013,ADBL,242,0,243,240,242,"2,382","576,632.00",1
2/6/2013,ADBL,238,-1.65,242,236,242,"2,204","527,551.00",0
2/7/2013,ADBL,240,0.84,240,237,238,"2,011","478,839.00",-1
2/10/2013,ADBL,244,1.67,244,238,240,"4,273","1,022,327.00",1
2/12/2013,ADBL,250,2.46,255,244,244,"1,951","482,759.00",1
2/13/2013,ADBL,245,-2,255,242,250,"1,862","459,360.00",1
2/14/2013,ADBL,251,2.45,253,245,245,"4,871","1,220,880.00",-1
2/17/2013,ADBL,276,9.96,276,256,251,450,"121,050.00",1
2/19/2013,ADBL,260,-5.8,281,257,276,"6,905","1,818,761.00",1
2/20/2013,ADBL,250,-3.85,255,250,260,"5,135","1,287,536.00",-1
2/21/2013,ADBL,250,0,255,244,250,"3,237","806,090.00",-1
2/24/2013,ADBL,250,0,251,244,250,"2,131","528,781.00",0
2/25/2013,ADBL,255,2,255,246,250,"2,352","588,900.00",0
2/26/2013,ADBL,250,-1.96,260,245,255,"2,202","550,690.00",1
2/27/2013,ADBL,250,0,250,245,250,"3,682","910,972.00",-1
2/28/2013,ADBL,250,0,252,249,250,"9,283","2,327,783.00",0
3/3/2013,ADBL,250,0,255,248,250,"7,283","1,830,465.00",0
3/4/2013,ADBL,250,0,255,250,250,"2,021","509,122.00",0
3/5/2013,ADBL,252,0.8,254,249,250,"1,333","336,037.00",0
3/6/2013,ADBL,256,1.59,257,250,252,"5,661","1,440,343.00",1
3/7/2013,ADBL,260,1.56,266,252,256,"8,671","2,265,826.00",1
3/11/2013,ADBL,260,0,263,257,260,"5,405","1,405,374.00",1
3/13/2013,ADBL,270,3.85,275,259,260,"5,687","1,493,131.00",0
3/14/2013,ADBL,265,-1.85,275,262,270,"9,300","2,477,564.00",1
3/17/2013,ADBL,260,-1.89,265,255,265,"5,629","1,451,955.00",-1
3/18/2013,ADBL,256,-1.54,257,252,260,"4,336","1,106,916.00",-1
3/19/2013,ADBL,260,1.56,261,255,256,"5,473","1,413,615.00",-1
3/20/2013,ADBL,253,-2.69,256,252,260,"1,903","483,472.00",1
3/21/2013,ADBL,250,-1.19,252,245,253,"3,174","793,134.00",-1
3/24/2013,ADBL,245,-2,247,242,250,"2,999","731,283.00",-1
3/25/2013,ADBL,248,1.22,250,241,245,"3,862","946,034.00",-1
3/27/2013,ADBL,247,-0.4,249,245,248,"2,307","569,636.00",1
3/28/2013,ADBL,246,-0.4,248,243,247,"3,297","812,378.00",-1
3/31/2013,ADBL,240,-2.44,246,238,246,"7,670","1,846,622.00",-1
4/1/2013,ADBL,242,0.83,245,235,240,"6,103","1,444,771.00",-1
4/2/2013,ADBL,246,1.65,246,241,242,"5,576","1,356,730.00",1
4/3/2013,ADBL,245,-0.41,250,245,246,"3,462","857,395.00",1
4/4/2013,ADBL,244,-0.41,245,242,245,"1,588","387,606.00",-1
4/7/2013,ADBL,246,0.82,246,244,244,"2,378","582,346.00",-1
4/8/2013,ADBL,244,-0.81,248,244,246,"1,805","442,849.00",1
4/9/2013,ADBL,245,0.41,247,243,244,"2,150","527,330.00",-1
4/11/2013,ADBL,245,0,247,245,245,"2,923","717,670.00",1
4/15/2013,ADBL,241,-1.63,245,240,245,"1,467","354,299.00",0
4/16/2013,ADBL,241,0,244,240,241,"2,711","651,780.00",-1
4/17/2013,ADBL,243,0.83,246,238,241,"2,336","563,436.00",0
4/18/2013,ADBL,240,-1.23,243,240,243,"2,324","559,820.00",1
4/21/2013,ADBL,235,-2.08,238,235,240,"3,138","742,406.00",-1
4/22/2013,ADBL,235,0,235,227,235,"3,428","791,277.00",-1
4/23/2013,ADBL,238,1.28,239,235,235,"2,531","599,433.00",0
4/25/2013,ADBL,230,-3.36,234,225,238,"1,360","311,840.00",1
4/28/2013,ADBL,226,-1.74,229,226,230,"1,623","367,960.00",-1
4/29/2013,ADBL,227,0.44,232,226,226,"2,263","512,829.00",-1
4/30/2013,ADBL,230,1.32,230,225,227,"3,425","775,719.00",1
5/2/2013,ADBL,221,-3.91,230,218,230,"2,410","535,462.00",1
5/5/2013,ADBL,211,-4.52,227,211,221,"2,917","632,915.00",-1
5/6/2013,ADBL,203,-3.79,207,201,211,"2,272","463,908.00",-1
5/7/2013,ADBL,215,5.91,218,203,203,"1,989","419,838.00",-1
5/8/2013,ADBL,215,0,217,212,215,"1,152","245,944.00",1
5/9/2013,ADBL,210,-2.33,212,207,215,480,"100,140.00",0
5/12/2013,ADBL,216,2.86,220,210,210,"2,755","597,834.00",-1
5/13/2013,ADBL,221,2.31,221,217,216,"1,666","364,355.00",1
5/14/2013,ADBL,222,0.45,223,219,221,"2,285","505,106.00",1
5/15/2013,ADBL,234,5.41,234,220,222,"1,507","342,258.00",1
5/16/2013,ADBL,232,-0.85,232,230,234,862,"198,720.00",1
5/19/2013,ADBL,222,-4.31,228,222,232,"1,205","270,695.00",-1
5/20/2013,ADBL,223,0.45,226,218,222,"1,461","321,313.00",-1
5/21/2013,ADBL,235,5.38,239,225,223,"8,468","1,943,122.00",1
5/22/2013,ADBL,232,-1.28,239,230,235,"2,936","684,321.00",1
5/23/2013,ADBL,218,-6.03,228,218,232,"2,170","478,160.00",-1
5/26/2013,ADBL,221,1.38,224,217,218,"2,433","534,693.00",-1
5/27/2013,ADBL,225,1.81,228,220,221,"1,307","291,896.00",1
5/28/2013,ADBL,225,0,231,222,225,"1,841","415,405.00",1
5/30/2013,ADBL,226,0.44,228,224,225,"3,965","895,230.00",0
6/2/2013,ADBL,223,-1.33,230,222,226,"2,959","663,898.00",1
6/3/2013,ADBL,225,0.9,225,222,223,"2,001","449,855.00",-1
6/4/2013,ADBL,225,0,230,224,225,"5,887","1,333,015.00",1
6/5/2013,ADBL,225,0,226,223,225,"3,773","848,790.00",0
6/6/2013,ADBL,221,-1.78,229,220,225,"5,457","1,210,170.00",0
6/9/2013,ADBL,220,-0.45,223,218,221,"1,275","280,850.00",-1
6/10/2013,ADBL,215,-2.27,221,214,220,"1,674","364,055.00",-1
6/11/2013,ADBL,213,-0.93,217,213,215,"4,959","1,064,592.00",-1
6/12/2013,ADBL,213,0,215,209,213,938,"199,288.00",-1
6/13/2013,ADBL,206,-3.29,210,205,213,"2,734","567,220.00",0
6/16/2013,ADBL,205,-0.49,214,205,206,"3,116","644,132.00",-1
6/17/2013,ADBL,206,0.49,206,201,205,"3,177","648,719.00",-1
6/18/2013,ADBL,203,-1.46,205,202,206,"3,775","767,682.00",1
6/19/2013,ADBL,204,0.49,204,200,203,"2,193","443,437.00",-1
6/20/2013,ADBL,202,-0.98,204,200,204,"2,914","586,023.00",1
6/23/2013,ADBL,202,0,205,200,202,"3,944","793,113.00",-1
6/24/2013,ADBL,204,0.99,204,200,202,"2,863","578,614.00",0
6/25/2013,ADBL,212,3.92,212,201,204,"1,591","325,869.00",1
6/26/2013,ADBL,210,-0.94,214,209,212,"2,267","476,574.00",1
6/27/2013,ADBL,204,-2.86,209,202,210,"2,462","506,206.00",-1
6/30/2013,ADBL,204,0,204,200,204,"4,074","826,362.00",-1
7/1/2013,ADBL,204,0,204,201,204,"8,440","1,715,347.00",0
7/2/2013,ADBL,214,4.9,214,202,204,"6,663","1,386,542.00",0
7/3/2013,ADBL,217,1.4,223,214,214,"8,503","1,846,323.00",1
7/4/2013,ADBL,216,-0.46,218,212,217,"2,654","570,056.00",1
7/7/2013,ADBL,212,-1.85,213,208,216,"1,944","409,642.00",-1
7/8/2013,ADBL,213,0.47,213,210,212,"1,314","278,717.00",-1
7/9/2013,ADBL,216,1.41,216,212,213,"4,180","896,995.00",1
7/10/2013,ADBL,215,-0.46,217,215,216,906,"195,796.00",1
7/11/2013,ADBL,211,-1.86,217,210,215,"1,952","412,900.00",-1
7/14/2013,ADBL,213,0.95,213,211,211,849,"180,152.00",-1
7/15/2013,ADBL,212,-0.47,216,211,213,520,"110,330.00",1
7/16/2013,ADBL,212,0,213,208,212,"1,405","295,776.00",-1
7/17/2013,ADBL,218,2.83,218,209,212,833,"176,111.00",0
7/18/2013,ADBL,215,-1.38,218,211,218,"3,565","760,658.00",1
7/21/2013,ADBL,220,2.33,222,211,215,"1,576","344,059.00",-1
7/22/2013,ADBL,219,-0.45,219,213,220,"3,960","857,015.00",1
7/23/2013,ADBL,220,0.46,220,215,219,"2,380","522,130.00",-1
7/24/2013,ADBL,220,0,220,216,220,"3,875","845,100.00",1
7/25/2013,ADBL,220,0,221,217,220,"6,133","1,346,153.00",0
7/28/2013,ADBL,219,-0.45,220,217,220,"2,271","495,460.00",0
7/29/2013,ADBL,220,0.46,222,218,219,"6,445","1,417,338.00",-1
7/30/2013,ADBL,222,0.91,226,213,220,"4,366","967,312.00",1
7/31/2013,ADBL,227,2.25,239,220,222,"5,674","1,319,038.00",1
8/1/2013,ADBL,233,2.64,234,228,227,"3,874","894,640.00",1
8/4/2013,ADBL,235,0.86,239,230,233,"6,786","1,565,735.00",1
8/5/2013,ADBL,244,3.83,244,230,235,"16,970","3,996,457.00",1
8/6/2013,ADBL,240,-1.64,244,232,244,"8,059","1,929,139.00",1
8/7/2013,ADBL,250,4.17,255,239,240,"14,766","3,668,196.00",-1
8/8/2013,ADBL,256,2.4,256,247,250,"10,429","2,645,586.00",1
8/11/2013,ADBL,258,0.78,260,246,256,"6,243","1,601,607.00",1
8/12/2013,ADBL,258,0,258,254,258,"5,404","1,382,829.00",1
8/13/2013,ADBL,255,-1.16,260,255,258,"12,121","3,107,958.00",0
8/14/2013,ADBL,265,3.92,275,255,255,"22,278","5,876,172.00",-1
8/15/2013,ADBL,274,3.4,275,262,265,"17,518","4,682,661.00",1
8/18/2013,ADBL,289,5.47,293,271,274,"8,762","2,496,818.00",1
8/19/2013,ADBL,295,2.08,299,284,289,"13,094","3,825,734.00",1
8/20/2013,ADBL,290,-1.69,295,285,295,"14,268","4,129,463.00",1
8/25/2013,ADBL,275,-5.17,290,271,290,"9,229","2,559,665.00",-1
8/26/2013,ADBL,265,-3.64,280,265,275,"10,512","2,853,463.00",-1
8/27/2013,ADBL,269,1.51,273,266,265,"5,993","1,615,807.00",-1
8/29/2013,ADBL,270,0.37,275,261,269,"10,781","2,920,690.00",1
9/1/2013,ADBL,273,1.11,278,266,270,"10,315","2,795,826.00",1
9/2/2013,ADBL,273,0,273,269,273,"4,607","1,247,979.00",1
9/3/2013,ADBL,270,-1.1,273,265,273,"9,705","2,619,325.00",0
9/4/2013,ADBL,268,-0.74,274,265,270,"5,881","1,581,356.00",-1
9/5/2013,ADBL,270,0.75,270,263,268,"4,619","1,240,671.00",-1
9/8/2013,ADBL,268,-0.74,270,266,270,"1,430","383,452.00",1
9/9/2013,ADBL,265,-1.12,268,260,268,"3,761","990,215.00",-1
9/10/2013,ADBL,260,-1.89,263,256,265,"3,506","912,022.00",-1
9/11/2013,ADBL,256,-1.54,260,255,260,"3,560","913,664.00",-1
9/12/2013,ADBL,256,0,259,255,256,"2,297","589,964.00",-1
9/15/2013,ADBL,251,-1.95,255,247,256,"1,705","425,223.00",0
9/16/2013,ADBL,243,-3.19,249,240,251,"3,105","759,329.00",-1
9/17/2013,ADBL,249,2.47,250,239,243,"4,190","1,030,774.00",-1
9/19/2013,ADBL,251,0.8,253,242,249,"7,230","1,794,525.00",1
9/22/2013,ADBL,248,-1.2,250,243,251,"3,598","891,274.00",1
9/23/2013,ADBL,256,3.23,256,240,248,"4,366","1,093,319.00",-1
9/24/2013,ADBL,255,-0.39,260,249,256,"3,569","904,154.00",1
9/25/2013,ADBL,252,-1.18,260,250,255,"2,342","595,174.00",-1
9/26/2013,ADBL,250,-0.79,255,248,252,"2,947","739,707.00",-1
9/29/2013,ADBL,250,0,254,248,250,"5,593","1,397,377.00",-1
9/30/2013,ADBL,253,1.2,255,251,250,"4,048","1,020,083.00",0
10/1/2013,ADBL,257,1.58,258,250,253,"6,780","1,726,362.00",1
10/2/2013,ADBL,265,3.11,265,255,257,"4,507","1,174,185.00",1
10/3/2013,ADBL,261,-1.51,268,255,265,"5,989","1,565,000.00",1
10/6/2013,ADBL,268,2.68,271,260,261,"6,298","1,679,891.00",-1
10/7/2013,ADBL,268,0,272,265,268,"6,554","1,752,440.00",1
10/8/2013,ADBL,272,1.49,275,270,268,"5,781","1,577,454.00",0
10/9/2013,ADBL,274,0.74,280,268,272,"10,880","2,986,516.00",1
10/10/2013,ADBL,287,4.74,287,274,274,"9,084","2,543,741.00",1
10/17/2013,ADBL,281,-2.09,293,280,287,"3,422","971,556.00",1
10/20/2013,ADBL,288,2.49,292,272,281,"12,323","3,530,867.00",-1
10/21/2013,ADBL,281,-2.43,286,281,288,"5,261","1,493,206.00",1
10/22/2013,ADBL,280,-0.36,284,276,281,"2,882","804,126.00",-1
10/23/2013,ADBL,279,-0.36,279,275,280,"6,589","1,823,788.00",-1
10/24/2013,ADBL,271,-2.87,277,266,279,"8,658","2,361,256.00",-1
10/27/2013,ADBL,270,-0.37,270,265,271,"6,644","1,773,173.00",-1
10/28/2013,ADBL,266,-1.48,269,260,270,"7,712","2,055,026.00",-1
10/29/2013,ADBL,268,0.75,270,266,266,"5,113","1,372,281.00",-1
10/30/2013,ADBL,270,0.75,271,263,268,"3,999","1,074,211.00",1
10/31/2013,ADBL,271,0.37,275,270,270,"4,946","1,349,234.00",1
11/6/2013,ADBL,270,-0.37,270,266,271,"3,065","819,162.00",1
11/7/2013,ADBL,270,0,272,265,270,"2,913","783,807.00",-1
11/10/2013,ADBL,265,-1.85,268,265,270,"3,006","800,602.00",0
11/11/2013,ADBL,270,1.89,271,263,265,"2,943","786,371.00",-1
11/12/2013,ADBL,282,4.44,288,270,270,"2,751","770,058.00",1
11/13/2013,ADBL,285,1.06,290,281,282,"13,696","3,908,379.00",1
11/14/2013,ADBL,290,1.75,290,280,285,"7,095","2,016,131.00",1
11/21/2013,ADBL,306,5.52,306,295,290,"1,316","401,056.00",1
11/24/2013,ADBL,324,5.88,336,315,306,"21,647","7,102,843.00",1
11/25/2013,ADBL,314,-3.09,326,305,324,"13,105","4,072,777.00",1
11/26/2013,ADBL,321,2.23,329,308,314,"28,272","9,106,933.00",-1
11/27/2013,ADBL,340,5.92,342,321,321,"36,076","12,017,076.00",1
11/28/2013,ADBL,342,0.59,342,334,340,"21,680","7,342,274.00",1
12/1/2013,ADBL,376,9.94,376,341,342,"23,763","8,678,552.00",1
12/2/2013,ADBL,405,7.71,412,360,376,"20,977","8,333,188.00",1
12/3/2013,ADBL,400,-1.23,404,389,405,"19,402","7,700,605.00",1
12/4/2013,ADBL,402,0.5,425,392,400,"12,389","5,056,887.00",-1
12/5/2013,ADBL,400,-0.5,428,385,402,"21,081","8,531,937.00",1
12/8/2013,ADBL,395,-1.25,401,390,400,"16,688","6,607,316.00",-1
12/9/2013,ADBL,396,0.25,405,383,395,"26,882","10,709,798.00",-1
12/10/2013,ADBL,400,1.01,405,391,396,"28,690","11,496,761.00",1
12/11/2013,ADBL,410,2.5,412,393,400,"18,473","7,444,488.00",1
12/12/2013,ADBL,406,-0.98,420,404,410,"17,759","7,270,362.00",1
12/15/2013,ADBL,446,9.85,446,405,406,"20,003","8,387,373.00",-1
12/16/2013,ADBL,490,9.87,490,444,446,"20,965","9,876,974.00",1
12/18/2013,ADBL,485,-1.02,518,485,490,"29,053","14,533,077.00",1
12/19/2013,ADBL,493,1.65,500,475,485,"39,462","19,287,968.00",-1
12/22/2013,ADBL,480,-2.64,490,464,493,"19,387","9,322,438.00",1
12/23/2013,ADBL,469,-2.29,475,456,480,"33,400","15,494,694.00",-1
12/24/2013,ADBL,469,0,484,451,469,"30,153","14,137,999.00",-1
12/26/2013,ADBL,471,0.43,499,460,469,"15,787","7,496,050.00",0
12/29/2013,ADBL,465,-1.27,475,450,471,"22,999","10,658,221.00",1
12/31/2013,ADBL,460,-1.08,468,455,465,"25,659","11,833,095.00",-1
1/1/2014,ADBL,439,-4.57,455,432,460,"15,862","6,954,305.00",-1
1/2/2014,ADBL,462,5.24,462,416,439,"28,467","12,539,546.00",-1
1/5/2014,ADBL,468,1.3,475,441,462,"65,735","30,288,296.00",1
1/6/2014,ADBL,470,0.43,474,452,468,"25,538","11,891,111.00",1
1/7/2014,ADBL,473,0.64,473,460,470,"22,161","10,397,910.00",1
1/8/2014,ADBL,491,3.81,497,470,473,"38,768","18,856,015.00",1
1/9/2014,ADBL,484,-1.43,490,471,491,"20,109","9,707,296.00",1
1/12/2014,ADBL,486,0.41,497,482,484,"24,734","12,126,000.00",-1
1/13/2014,ADBL,494,1.65,494,480,486,"19,617","9,539,420.00",1
1/14/2014,ADBL,501,1.42,501,489,494,"32,504","16,167,668.00",1
1/16/2014,ADBL,490,-2.2,499,481,501,"19,341","9,507,699.00",1
1/19/2014,ADBL,495,1.02,495,473,490,"29,053","14,135,093.00",-1
1/20/2014,ADBL,500,1.01,519,490,495,"81,646","41,133,902.00",1
1/21/2014,ADBL,488,-2.4,499,485,500,"11,260","5,548,725.00",1
1/22/2014,ADBL,478,-2.05,487,472,488,"13,817","6,560,366.00",-1
1/23/2014,ADBL,480,0.42,484,469,478,"13,779","6,598,289.00",-1
1/26/2014,ADBL,503,4.79,522,480,480,"40,298","20,371,358.00",1
1/27/2014,ADBL,490,-2.58,504,486,503,"9,937","4,893,569.00",1
1/28/2014,ADBL,499,1.84,500,476,490,"26,031","12,812,248.00",-1
1/29/2014,ADBL,503,0.8,508,495,499,"29,804","14,948,839.00",1
2/2/2014,ADBL,490,-2.58,500,485,503,"8,622","4,222,674.00",1
2/3/2014,ADBL,499,1.84,499,475,490,"16,945","8,159,916.00",-1
2/4/2014,ADBL,499,0,499,481,499,"14,068","6,914,480.00",1
2/5/2014,ADBL,492,-1.4,492,484,499,"8,624","4,225,252.00",0
2/6/2014,ADBL,497,1.02,501,490,492,"18,213","9,039,773.00",-1
2/9/2014,ADBL,500,0.6,501,488,497,"31,751","15,848,924.00",1
2/10/2014,ADBL,520,4,550,515,500,"52,878","28,379,587.00",1
2/11/2014,ADBL,518,-0.38,521,510,520,"29,068","14,978,823.00",1
2/12/2014,ADBL,515,-0.58,515,500,518,"10,260","5,225,358.00",-1
2/13/2014,ADBL,509,-1.17,518,504,515,"14,908","7,588,708.00",-1
2/16/2014,ADBL,500,-1.77,507,490,509,"12,363","6,140,653.00",-1
2/17/2014,ADBL,497,-0.6,503,490,500,"10,000","4,985,741.00",-1
2/18/2014,ADBL,500,0.6,502,490,497,"14,557","7,274,455.00",-1
2/20/2014,ADBL,506,1.2,510,493,500,"12,477","6,285,058.00",1
2/23/2014,ADBL,510,0.79,520,502,506,"16,883","8,625,372.00",1
2/24/2014,ADBL,510,0,521,506,510,"10,633","5,455,405.00",1
2/25/2014,ADBL,510,0,510,492,510,"8,159","4,056,577.00",0
2/26/2014,ADBL,507,-0.59,510,490,510,"11,856","5,953,703.00",0
3/3/2014,ADBL,500,-1.38,500,482,507,"11,330","5,588,614.00",-1
3/4/2014,ADBL,490,-2,494,475,500,"12,645","6,121,482.00",-1
3/5/2014,ADBL,491,0.2,495,485,490,"13,670","6,701,152.00",-1
3/6/2014,ADBL,485,-1.22,492,480,491,"8,096","3,949,166.00",1
3/9/2014,ADBL,477,-1.65,485,476,485,"12,131","5,814,888.00",-1
3/10/2014,ADBL,480,0.63,480,467,477,"11,578","5,457,255.00",-1
3/11/2014,ADBL,466,-2.92,473,466,480,"5,775","2,712,645.00",1
3/12/2014,ADBL,468,0.43,468,456,466,"5,270","2,410,519.00",-1
3/13/2014,ADBL,470,0.43,471,458,468,"6,624","3,091,316.00",1
3/17/2014,ADBL,460,-2.13,465,456,470,"5,748","2,645,091.00",1
3/18/2014,ADBL,455,-1.09,457,443,460,"9,587","4,307,964.00",-1
3/19/2014,ADBL,480,5.49,480,446,455,"10,946","5,102,732.00",-1
3/20/2014,ADBL,466,-2.92,478,466,480,"8,516","4,008,312.00",1
3/23/2014,ADBL,483,3.65,483,458,466,"8,169","3,790,999.00",-1
3/24/2014,ADBL,507,4.97,510,475,483,"21,201","10,555,473.00",1
3/25/2014,ADBL,490,-3.35,500,475,507,"29,739","14,409,354.00",1
3/26/2014,ADBL,528,7.76,528,490,490,"60,736","30,711,330.00",-1
3/27/2014,ADBL,499,-5.49,538,490,528,"20,209","10,155,615.00",1
3/31/2014,ADBL,490,-1.8,492,480,499,"5,218","2,532,600.00",-1
4/1/2014,ADBL,494,0.82,494,487,490,"3,932","1,927,934.00",-1
4/2/2014,ADBL,489,-1.01,494,485,494,"11,115","5,450,211.00",1
4/3/2014,ADBL,484,-1.02,490,480,489,"3,927","1,909,320.00",-1
4/6/2014,ADBL,481,-0.62,490,480,484,"8,848","4,280,413.00",-1
4/7/2014,ADBL,480,-0.21,483,473,481,"5,197","2,489,076.00",-1
4/9/2014,ADBL,479,-0.21,479,474,480,"5,534","2,641,891.00",-1
4/10/2014,ADBL,480,0.21,483,480,479,"3,389","1,629,028.00",-1
4/13/2014,ADBL,485,1.04,485,475,480,"5,766","2,760,663.00",1
4/15/2014,ADBL,477,-1.65,480,475,485,"8,445","4,038,532.00",1
4/16/2014,ADBL,478,0.21,478,472,477,"5,706","2,710,690.00",-1
4/17/2014,ADBL,476,-0.42,479,472,478,"11,560","5,492,372.00",1
4/20/2014,ADBL,470,-1.26,476,465,476,"7,619","3,569,533.00",-1
4/21/2014,ADBL,467,-0.64,471,462,470,"4,512","2,098,816.00",-1
4/22/2014,ADBL,484,3.64,484,464,467,"3,658","1,716,191.00",-1
4/23/2014,ADBL,480,-0.83,484,475,484,"6,040","2,896,503.00",1
4/27/2014,ADBL,486,1.25,495,479,480,"19,082","9,251,327.00",-1
4/28/2014,ADBL,482,-0.82,485,477,486,"17,521","8,447,946.00",1
4/29/2014,ADBL,465,-3.53,485,465,482,"17,504","8,328,232.00",-1
4/30/2014,ADBL,484,4.09,490,460,465,"38,545","18,407,064.00",-1
5/4/2014,ADBL,485,0.21,485,485,484,146,"70,810.00",1
5/6/2014,ADBL,480,-1.03,480,458,485,"5,111","2,390,588.00",1
5/7/2014,ADBL,465,-3.12,485,465,480,"3,621","1,723,446.00",-1
5/8/2014,ADBL,462,-0.65,465,451,465,"3,062","1,411,016.00",-1
5/11/2014,ADBL,451,-2.38,462,446,462,"2,232","1,005,475.00",-1
5/12/2014,ADBL,447,-0.89,453,442,451,"6,393","2,858,303.00",-1
5/13/2014,ADBL,452,1.12,460,440,447,"3,367","1,527,250.00",-1
5/15/2014,ADBL,450,-0.44,453,446,452,"1,498","672,591.00",1
5/18/2014,ADBL,438,-2.67,449,433,450,"2,406","1,062,455.00",-1
5/19/2014,ADBL,441,0.68,445,435,438,"3,738","1,648,612.00",-1
5/20/2014,ADBL,440,-0.23,442,436,441,"1,380","604,137.00",1
5/21/2014,ADBL,439,-0.23,442,436,440,"1,436","630,316.00",-1
5/22/2014,ADBL,441,0.46,445,437,439,"3,420","1,506,284.00",-1
5/25/2014,ADBL,440,-0.23,451,440,441,"1,964","874,085.00",1
5/26/2014,ADBL,439,-0.23,448,436,440,"2,068","916,313.00",-1
5/27/2014,ADBL,442,0.68,443,438,439,"2,651","1,168,679.00",-1
5/28/2014,ADBL,455,2.94,459,441,442,"3,465","1,555,696.00",1
6/1/2014,ADBL,449,-1.32,454,442,455,"3,419","1,534,885.00",1
6/2/2014,ADBL,460,2.45,460,441,449,"5,675","2,559,270.00",-1
6/3/2014,ADBL,465,1.09,483,455,460,"3,237","1,497,446.00",1
6/4/2014,ADBL,450,-3.23,456,450,465,"4,933","2,231,099.00",1
6/5/2014,ADBL,451,0.22,455,441,450,"1,460","655,013.00",-1
6/8/2014,ADBL,445,-1.33,452,442,451,"4,810","2,137,728.00",1
6/9/2014,ADBL,442,-0.67,447,442,445,"3,135","1,390,085.00",-1
6/10/2014,ADBL,451,2.04,460,440,442,"6,762","3,048,601.00",-1
6/11/2014,ADBL,459,1.77,472,442,451,"7,845","3,618,724.00",1
6/12/2014,ADBL,456,-0.65,468,450,459,"5,318","2,449,340.00",1
6/15/2014,ADBL,498,9.21,498,456,456,"21,646","10,384,789.00",-1
6/16/2014,ADBL,504,1.2,511,485,498,"17,798","8,894,533.00",1
6/17/2014,ADBL,504,0,511,485,504,"13,316","6,679,205.00",1
6/18/2014,ADBL,500,-0.79,506,498,504,"5,595","2,815,179.00",0
6/19/2014,ADBL,497,-0.6,500,495,500,"4,887","2,433,073.00",-1
6/23/2014,ADBL,492,-1.01,499,490,497,"2,822","1,392,972.00",-1
6/24/2014,ADBL,486,-1.22,493,473,492,"4,915","2,379,604.00",-1
6/25/2014,ADBL,490,0.82,495,481,486,"5,342","2,611,158.00",-1
6/26/2014,ADBL,490,0,495,486,490,"2,294","1,124,885.00",1
6/29/2014,ADBL,535,9.18,535,494,490,"6,659","3,352,126.00",0
6/30/2014,ADBL,535,0,539,510,535,"17,816","9,248,469.00",1
7/1/2014,ADBL,530,-0.93,536,515,535,"16,496","8,688,752.00",0
7/2/2014,ADBL,526,-0.75,532,520,530,"8,711","4,581,490.00",-1
7/3/2014,ADBL,540,2.66,540,511,526,"10,454","5,471,823.00",-1
7/6/2014,ADBL,550,1.85,550,535,540,"10,936","5,934,234.00",1
7/7/2014,ADBL,571,3.82,571,540,550,"23,528","12,913,417.00",1
7/8/2014,ADBL,628,9.98,628,575,571,"75,326","47,099,142.00",1
7/9/2014,ADBL,660,5.1,690,630,628,"64,933","43,299,474.00",1
7/10/2014,ADBL,677,2.58,690,645,660,"53,832","35,530,679.00",1
7/13/2014,ADBL,698,3.1,739,677,677,"41,709","29,179,671.00",1
7/14/2014,ADBL,690,-1.15,725,687,698,"41,992","29,488,397.00",1
7/15/2014,ADBL,690,0,693,680,690,"13,822","9,495,058.00",-1
7/16/2014,ADBL,756,9.57,756,682,690,"15,232","10,654,212.00",0
7/17/2014,ADBL,729,-3.57,742,700,756,"20,796","14,870,226.00",1
7/20/2014,ADBL,726,-0.41,770,715,729,"17,347","12,664,584.00",-1
7/21/2014,ADBL,740,1.93,740,700,726,"23,797","17,135,329.00",-1
7/22/2014,ADBL,715,-3.38,729,700,740,"26,067","18,395,942.00",1
7/23/2014,ADBL,710,-0.7,711,698,715,"19,797","13,946,533.00",-1
7/24/2014,ADBL,703,-0.99,709,694,710,"18,897","13,278,013.00",-1
7/27/2014,ADBL,699,-0.57,700,690,703,"19,175","13,359,885.00",-1
7/28/2014,ADBL,695,-0.57,696,686,699,"11,965","8,266,627.00",-1
7/30/2014,ADBL,680,-2.16,700,670,695,"18,615","12,729,507.00",-1
7/31/2014,ADBL,671,-1.32,685,666,680,"17,974","12,129,488.00",-1
8/3/2014,ADBL,659,-1.79,662,650,671,"14,283","9,369,036.00",-1
8/4/2014,ADBL,650,-1.37,656,641,659,"16,927","10,936,168.00",-1
8/5/2014,ADBL,657,1.08,670,648,650,"19,507","12,914,583.00",-1
8/6/2014,ADBL,650,-1.07,660,649,657,"19,442","12,733,444.00",1
8/7/2014,ADBL,655,0.77,668,635,650,"27,587","17,792,836.00",-1
8/12/2014,ADBL,645,-1.53,649,630,655,"7,449","4,790,514.00",1
8/13/2014,ADBL,660,2.33,660,633,645,"13,102","8,449,188.00",-1
8/14/2014,ADBL,657,-0.45,670,647,660,"15,244","10,054,548.00",1
8/18/2014,ADBL,612,-6.85,644,595,657,"37,244","22,612,552.00",-1
8/19/2014,ADBL,610,-0.33,620,596,612,"17,808","10,869,120.00",-1
8/20/2014,ADBL,605,-0.82,610,588,610,"19,673","11,856,208.00",-1
8/21/2014,ADBL,600,-0.83,609,580,605,"12,597","7,501,131.00",-1
8/24/2014,ADBL,600,0,607,586,600,"12,176","7,224,524.00",-1
8/25/2014,ADBL,559,-6.83,588,548,600,"13,049","7,367,250.00",0
8/26/2014,ADBL,532,-4.83,590,527,559,"13,423","7,398,733.00",-1
8/27/2014,ADBL,559,5.08,585,540,532,"13,712","7,637,563.00",-1
8/28/2014,ADBL,555,-0.72,581,555,559,"9,333","5,290,522.00",1
8/31/2014,ADBL,544,-1.98,555,529,555,"7,186","3,881,419.00",-1
9/1/2014,ADBL,540,-0.74,540,524,544,"8,096","4,263,430.00",-1
9/3/2014,ADBL,534,-1.11,550,531,540,"6,177","3,338,441.00",-1
9/4/2014,ADBL,516,-3.37,528,514,534,"13,269","6,900,500.00",-1
9/7/2014,ADBL,477,-7.56,513,477,516,"8,707","4,224,592.00",-1
9/9/2014,ADBL,510,6.92,514,480,477,"6,261","3,123,354.00",-1
9/10/2014,ADBL,515,0.98,550,502,510,"17,200","9,003,879.00",1
9/11/2014,ADBL,510,-0.97,515,494,515,"5,116","2,564,786.00",1
9/14/2014,ADBL,501,-1.76,507,495,510,"11,790","5,894,531.00",-1
9/15/2014,ADBL,495,-1.2,500,490,501,"4,559","2,263,865.00",-1
9/16/2014,ADBL,500,1.01,500,493,495,"5,664","2,813,054.00",-1
9/17/2014,ADBL,491,-1.8,501,491,500,"2,141","1,059,526.00",1
9/18/2014,ADBL,485,-1.22,493,485,491,556,"270,388.00",-1
9/21/2014,ADBL,473,-5.4,491,472,500,"4,876","2,330,048.00",1
9/22/2014,ADBL,463,-2.11,478,450,473,"4,694","2,150,250.00",-1
9/23/2014,ADBL,509,9.94,509,472,463,"1,603","812,465.00",-1
9/24/2014,ADBL,533,4.72,555,509,509,"27,922","14,918,155.00",1
9/28/2014,ADBL,533,0,535,520,533,"5,441","2,872,819.00",1
9/29/2014,ADBL,549,3,549,526,533,"2,590","1,383,477.00",0
9/30/2014,ADBL,522,-4.92,545,522,549,"4,135","2,203,088.00",1
10/8/2014,ADBL,520,-0.38,520,507,522,"1,950","1,004,294.00",-1
10/9/2014,ADBL,515,-0.96,520,514,520,"4,332","2,232,742.00",-1
10/12/2014,ADBL,499,-3.11,519,494,515,"3,534","1,775,044.00",-1
10/13/2014,ADBL,496,-0.6,501,490,499,"6,363","3,163,546.00",-1
10/14/2014,ADBL,500,0.81,505,496,496,"2,216","1,115,048.00",-1
10/15/2014,ADBL,508,1.6,510,500,500,"3,468","1,751,854.00",1
10/16/2014,ADBL,512,0.79,515,500,508,"2,026","1,036,190.00",1
10/19/2014,ADBL,524,2.34,524,495,512,"2,531","1,283,847.00",1
10/20/2014,ADBL,512,-2.29,515,504,524,"1,855","943,601.00",1
10/21/2014,ADBL,506,-1.17,517,506,512,"1,623","825,062.00",-1
10/22/2014,ADBL,505,-0.2,514,495,506,"2,166","1,085,421.00",-1
10/26/2014,ADBL,501,-0.79,501,495,505,318,"158,551.00",-1
10/27/2014,ADBL,508,1.4,508,500,501,826,"414,552.00",-1
10/28/2014,ADBL,503,-0.98,507,496,508,"3,103","1,559,251.00",1
10/30/2014,ADBL,496,-1.39,502,496,503,"3,239","1,615,458.00",-1
11/2/2014,ADBL,487,-1.81,488,484,496,"3,479","1,691,461.00",-1
11/3/2014,ADBL,478,-1.85,490,476,487,"2,984","1,438,935.00",-1
11/4/2014,ADBL,480,0.42,480,461,478,"4,283","2,036,039.00",-1
11/5/2014,ADBL,490,2.08,493,477,480,"3,168","1,547,216.00",1
11/6/2014,ADBL,486,-0.82,490,481,490,"4,774","2,310,227.00",1
11/9/2014,ADBL,470,-3.29,482,470,486,"4,361","2,066,075.00",-1
11/10/2014,ADBL,469,-0.21,471,459,470,"7,137","3,301,463.00",-1
11/11/2014,ADBL,470,0.21,470,443,469,"2,460","1,127,792.00",-1
11/12/2014,ADBL,470,0,477,462,470,"3,095","1,456,430.00",1
11/13/2014,ADBL,463,-1.49,479,455,470,"5,215","2,419,866.00",0
11/16/2014,ADBL,455,-1.73,463,455,463,"2,659","1,216,890.00",-1
11/17/2014,ADBL,430,-5.49,453,430,455,"5,025","2,222,843.00",-1
11/18/2014,ADBL,448,4.19,449,415,430,"5,593","2,436,446.00",-1
11/19/2014,ADBL,457,2.01,466,440,448,"1,602","725,958.00",1
11/20/2014,ADBL,457,0,460,449,457,"3,097","1,415,268.00",1
11/23/2014,ADBL,480,5.03,485,457,457,"5,920","2,802,147.00",0
11/24/2014,ADBL,465,-3.12,475,461,480,"1,129","527,558.00",1
11/25/2014,ADBL,457,-1.72,465,457,465,71,"32,695.00",-1
11/30/2014,ADBL,445,-2.63,457,441,457,"1,452","645,427.00",-1
12/1/2014,ADBL,443,-0.45,448,439,445,"1,733","765,978.00",-1
12/2/2014,ADBL,453,2.26,453,435,443,"1,108","490,210.00",-1
12/3/2014,ADBL,455,0.44,467,447,453,"2,153","981,696.00",1
12/4/2014,ADBL,464,1.98,469,460,455,"2,277","1,053,864.00",1
12/7/2014,ADBL,452,-2.59,458,448,464,"1,718","778,573.00",1
12/8/2014,ADBL,448,-0.88,450,443,452,"1,290","576,619.00",-1
12/9/2014,ADBL,446,-0.45,450,442,448,"2,366","1,055,494.00",-1
12/10/2014,ADBL,470,5.38,470,446,446,567,"258,977.00",-1
12/11/2014,ADBL,469,-0.21,479,457,470,"4,644","2,144,460.00",1
12/14/2014,ADBL,490,4.48,493,474,469,"3,724","1,791,711.00",-1
12/15/2014,ADBL,497,1.43,505,481,490,"4,393","2,164,203.00",1
12/16/2014,ADBL,492,-1.01,494,470,497,"5,232","2,561,451.00",1
12/17/2014,ADBL,485,-1.42,488,479,492,"3,200","1,541,419.00",-1
12/18/2014,ADBL,480,-1.03,480,465,485,"2,212","1,042,527.00",-1
12/21/2014,ADBL,464,-3.33,475,461,480,"3,044","1,412,599.00",-1
12/22/2014,ADBL,473,1.94,473,452,464,"4,523","2,091,099.00",-1
12/23/2014,ADBL,467,-1.27,470,447,473,"2,357","1,085,223.00",1
12/24/2014,ADBL,470,0.64,470,458,467,"3,183","1,469,000.00",-1
12/28/2014,ADBL,484,2.98,484,470,470,"3,257","1,544,943.00",1
12/29/2014,ADBL,475,-1.86,484,466,484,"2,105","1,003,216.00",1
12/31/2014,ADBL,476,0.21,490,464,475,"2,969","1,398,316.00",-1
1/1/2015,ADBL,479,0.63,485,470,476,"2,695","1,283,385.00",1
1/4/2015,ADBL,478,-0.21,481,474,479,"1,201","572,959.00",1
1/5/2015,ADBL,487,1.88,487,471,478,"1,739","828,237.00",-1
1/6/2015,ADBL,475,-2.46,480,466,487,"3,920","1,855,816.00",1
1/7/2015,ADBL,476,0.21,476,467,475,"3,541","1,665,797.00",-1
1/8/2015,ADBL,473,-0.63,480,472,476,"2,511","1,192,029.00",1
1/11/2015,ADBL,484,2.33,484,465,473,"3,451","1,634,939.00",-1
1/12/2015,ADBL,473,-2.27,479,468,484,"3,521","1,662,570.00",1
1/13/2015,ADBL,475,0.42,475,466,473,"1,012","478,410.00",-1
1/14/2015,ADBL,484,1.89,489,467,475,"11,042","5,227,331.00",1
1/18/2015,ADBL,475,-1.86,485,473,484,"5,160","2,457,433.00",1
1/19/2015,ADBL,487,2.53,499,480,475,"7,796","3,815,845.00",-1
1/20/2015,ADBL,478,-1.85,489,474,487,"10,113","4,855,761.00",1
1/22/2015,ADBL,473,-1.05,477,470,478,"1,265","600,389.00",-1
1/25/2015,ADBL,475,0.42,483,466,473,"2,889","1,376,546.00",-1
1/26/2015,ADBL,481,1.26,484,470,475,"5,767","2,756,099.00",1
1/27/2015,ADBL,503,4.57,510,478,481,"13,660","6,777,883.00",1
1/28/2015,ADBL,509,1.19,513,498,503,"15,503","7,844,801.00",1
1/29/2015,ADBL,500,-1.77,512,495,509,"10,005","5,006,801.00",1
2/1/2015,ADBL,493,-1.4,496,491,500,"4,653","2,293,868.00",-1
2/2/2015,ADBL,487,-1.22,494,485,493,"3,667","1,790,141.00",-1
2/3/2015,ADBL,483,-0.82,490,472,487,"2,126","1,022,403.00",-1
2/4/2015,ADBL,480,-0.62,485,475,483,"1,946","934,257.00",-1
2/5/2015,ADBL,473,-1.46,489,471,480,"2,868","1,359,038.00",-1
2/8/2015,ADBL,475,0.42,476,471,473,"2,025","961,031.00",-1
2/9/2015,ADBL,479,0.84,484,470,475,"6,337","3,022,364.00",1
2/10/2015,ADBL,475,-0.84,475,463,479,"3,543","1,667,240.00",1
2/11/2015,ADBL,476,0.21,480,470,475,"3,776","1,793,980.00",-1
2/12/2015,ADBL,482,1.26,485,475,476,"5,980","2,867,560.00",1
2/15/2015,ADBL,477,-1.04,482,476,482,"1,086","518,101.00",1
2/16/2015,ADBL,479,0.42,479,472,477,"4,307","2,045,390.00",-1
2/18/2015,ADBL,474,-1.04,479,472,479,"2,807","1,332,900.00",1
2/22/2015,ADBL,464,-2.11,472,464,474,"3,088","1,442,820.00",-1
2/23/2015,ADBL,464,0,465,456,464,"3,374","1,556,570.00",-1
2/24/2015,ADBL,465,0.21,465,460,464,"3,018","1,399,450.00",0
2/25/2015,ADBL,470,1.08,471,459,465,"2,152","1,006,180.00",1
2/26/2015,ADBL,470,0,470,460,470,"1,994","923,494.00",1
3/1/2015,ADBL,480,1.05,480,470,475,"1,184","563,346.00",1
3/2/2015,ADBL,480,0,495,475,480,"1,111","538,538.00",1
3/3/2015,ADBL,483,0.62,484,471,480,"1,590","760,544.00",0
3/4/2015,ADBL,478,-1.04,492,476,483,"2,209","1,070,840.00",1
3/9/2015,ADBL,497,3.97,504,485,478,"8,858","4,363,620.00",-1
3/10/2015,ADBL,481,-3.22,490,472,497,"1,061","516,270.00",1
3/11/2015,ADBL,477,-0.83,485,477,481,"1,618","776,848.00",-1
3/12/2015,ADBL,475,-0.42,490,470,477,"1,710","821,008.00",-1
3/15/2015,ADBL,475,0,480,471,475,"2,644","1,253,119.00",-1
3/16/2015,ADBL,471,-0.84,475,467,475,"1,607","754,534.00",0
3/17/2015,ADBL,471,0,473,467,471,731,"343,263.00",-1
3/18/2015,ADBL,472,0.21,472,466,471,"1,901","893,189.00",0
3/19/2015,ADBL,480,1.69,480,470,472,"1,882","889,894.00",1
3/22/2015,ADBL,467,-2.71,476,464,480,"6,630","3,104,974.00",1
3/23/2015,ADBL,469,0.43,470,463,467,"4,993","2,323,706.00",-1
3/24/2015,ADBL,467,-0.43,469,464,469,"1,251","582,689.00",1
3/25/2015,ADBL,470,0.64,470,459,467,797,"369,900.00",-1
3/26/2015,ADBL,476,1.28,476,463,470,966,"450,516.00",1
3/29/2015,ADBL,469,-1.47,470,469,476,531,"249,540.00",1
3/30/2015,ADBL,459,-2.13,469,451,469,"3,598","1,648,978.00",-1
3/31/2015,ADBL,461,0.44,465,458,459,"1,282","591,842.00",-1
4/1/2015,ADBL,464,0.65,464,454,461,"2,590","1,193,443.00",1
4/2/2015,ADBL,465,0.22,465,455,464,"3,444","1,570,932.00",1
4/5/2015,ADBL,455,-2.15,471,452,465,"1,330","609,170.00",1
4/6/2015,ADBL,450,-1.1,460,446,455,"3,678","1,651,428.00",-1
4/7/2015,ADBL,450,0,451,446,450,"2,372","1,064,202.00",-1
4/8/2015,ADBL,458,1.78,464,449,450,"2,164","977,352.00",0
4/9/2015,ADBL,471,2.84,471,451,458,"7,084","3,217,233.00",1
4/12/2015,ADBL,479,1.7,482,468,471,"4,345","2,055,726.00",1
4/13/2015,ADBL,472,-1.46,472,461,479,"4,158","1,942,976.00",1
4/15/2015,ADBL,474,0.42,475,455,472,"13,284","6,136,508.00",-1
4/16/2015,ADBL,468,-1.27,468,455,474,"8,979","4,145,565.00",1
4/19/2015,ADBL,436,-0.23,437,429,437,820,"355,050.00",-1
4/20/2015,ADBL,436,0,439,434,436,"1,363","594,229.00",-1
4/21/2015,ADBL,439,0.69,439,431,436,"1,312","569,615.00",0
4/23/2015,ADBL,432,-1.82,434,430,440,"1,563","674,415.00",1
5/24/2015,ADBL,392,-9.26,424,392,432,90,"36,080.00",-1
5/25/2015,ADBL,365,-6.89,385,360,392,844,"307,401.00",-1
5/26/2015,ADBL,397,8.77,397,370,365,"1,215","466,395.00",-1
5/27/2015,ADBL,376,-5.29,390,376,397,230,"87,810.00",1
5/28/2015,ADBL,390,3.72,393,380,376,"2,330","901,410.00",-1
5/31/2015,ADBL,397,1.79,402,392,390,"1,141","455,848.00",1
6/1/2015,ADBL,400,0.76,404,390,397,"2,353","937,623.00",1
6/2/2015,ADBL,400,0,402,400,400,181,"72,480.00",1
6/3/2015,ADBL,432,8,432,402,400,"1,581","662,618.00",0
6/4/2015,ADBL,420,-2.78,440,420,432,"2,566","1,100,750.00",1
6/7/2015,ADBL,430,2.38,435,425,420,"5,611","2,408,060.00",-1
6/8/2015,ADBL,430,0,438,425,430,"1,959","842,943.00",1
6/9/2015,ADBL,448,4.19,463,438,430,"3,888","1,753,306.00",0
6/10/2015,ADBL,438,-2.23,440,432,448,880,"381,800.00",1
6/11/2015,ADBL,425,-2.97,432,422,438,"2,209","941,044.00",-1
6/14/2015,ADBL,413,-2.82,420,413,425,"2,431","1,013,256.00",-1
6/15/2015,ADBL,421,1.94,427,407,413,"1,505","629,122.00",-1
6/16/2015,ADBL,426,1.19,426,418,421,"1,298","544,264.00",1
6/17/2015,ADBL,423,-0.7,426,418,426,"1,700","720,030.00",1
6/18/2015,ADBL,416,-1.65,422,412,423,873,"362,996.00",-1
6/21/2015,ADBL,415,-0.24,416,413,416,"1,001","415,603.00",-1
6/22/2015,ADBL,415,0,420,410,410,"1,380","571,866.00",-1
6/23/2015,ADBL,420,1.2,423,415,415,"7,897","3,292,560.00",1
6/24/2015,ADBL,414,-1.43,425,414,420,"1,269","529,878.00",1
6/25/2015,ADBL,419,1.21,420,417,417,833,"348,643.00",-1
6/28/2015,ADBL,420,0.24,420,415,419,"2,180","910,700.00",1
6/29/2015,ADBL,420,0,420,406,420,"8,930","3,669,790.00",1
6/30/2015,ADBL,415,-1.19,415,406,412,"6,613","2,708,940.00",-1
7/1/2015,ADBL,410,-1.2,410,408,408,572,"233,930.00",-1
7/2/2015,ADBL,405,-1.22,408,403,404,"4,059","1,643,140.00",-1
7/5/2015,ADBL,417,2.96,419,408,408,"1,564","646,616.00",1
7/6/2015,ADBL,404,-3.12,417,403,417,330,"134,060.00",1
7/7/2015,ADBL,405,0.25,410,404,404,"6,448","2,614,220.00",-1
7/8/2015,ADBL,408,0.74,409,406,409,"2,073","843,825.00",1
7/9/2015,ADBL,410,0.49,416,410,416,401,"165,640.00",1
7/12/2015,ADBL,411,0.24,412,405,409,"5,083","2,078,990.00",-1
7/13/2015,ADBL,409,-0.49,410,409,410,"1,242","508,699.00",1
7/14/2015,ADBL,410,0.24,414,406,406,"3,414","1,399,070.00",-1
7/15/2015,ADBL,415,1.22,418,408,410,"2,601","1,075,300.00",1
7/16/2015,ADBL,432,4.1,432,416,415,391,"163,902.00",1
7/22/2015,ADBL,440,1.85,442,421,426,"7,356","3,155,270.00",1
7/23/2015,ADBL,465,5.68,465,435,440,"7,731","3,451,191.00",1
7/26/2015,ADBL,511,9.89,511,474,465,140,"70,600.00",1
7/27/2015,ADBL,498,-2.54,521,476,511,"8,007","3,888,936.00",1
7/28/2015,ADBL,480,-3.61,489,480,498,682,"328,922.00",-1
7/29/2015,ADBL,467,-2.71,471,467,480,120,"56,320.00",-1
7/30/2015,ADBL,450,-3.64,465,450,467,"3,973","1,815,440.00",-1
8/2/2015,ADBL,446,-0.89,449,445,450,558,"249,171.00",-1
8/3/2015,ADBL,457,2.47,458,440,446,"3,667","1,649,740.00",-1
8/4/2015,ADBL,441,-3.5,460,439,457,"7,651","3,383,330.00",1
8/5/2015,ADBL,455,3.17,459,437,441,"6,489","2,876,040.00",-1
8/6/2015,ADBL,463,2.43,465,455,452,"8,242","3,792,897.00",1
8/9/2015,ADBL,469,1.3,469,450,463,"9,306","4,284,284.00",1
8/10/2015,ADBL,479,2.13,488,470,469,"8,260","3,946,980.00",1
8/11/2015,ADBL,455,-5.01,470,452,479,"2,244","1,040,910.00",1
8/12/2015,ADBL,445,-2.2,450,436,446,"4,305","1,912,730.00",-1
8/13/2015,ADBL,444,-0.22,459,438,444,"8,463","3,815,930.00",-1
8/16/2015,ADBL,441,-0.68,456,441,450,"15,570","7,003,980.00",1
8/17/2015,ADBL,485,9.98,485,449,449,"14,033","6,783,460.00",-1
8/18/2015,ADBL,518,6.8,518,494,494,"17,564","8,882,140.00",1
8/19/2015,ADBL,527,1.93,528,510,518,"4,816","2,481,870.00",1
8/20/2015,ADBL,525,-0.57,548,525,538,"5,070","2,747,400.00",1
8/23/2015,ADBL,506,-3.62,516,505,516,"8,354","4,266,990.00",-1
8/24/2015,ADBL,506,0,509,505,506,"2,386","1,208,980.00",-1
8/25/2015,ADBL,515,1.78,515,496,504,"3,076","1,540,330.00",-1
8/26/2015,ADBL,506,-1.94,506,505,506,"1,300","656,700.00",1
8/27/2015,ADBL,500,-0.99,505,500,505,"1,382","691,410.00",-1
8/31/2015,ADBL,500,0,503,496,496,"3,126","1,560,900.00",-1
9/1/2015,ADBL,495,-1,500,493,500,"6,425","3,195,841.00",1
9/2/2015,ADBL,486,-1.82,486,486,486,"1,000","486,000.00",-1
9/3/2015,ADBL,465,-4.32,478,465,478,760,"360,690.00",-1
9/6/2015,ADBL,480,3.23,485,474,474,"1,710","823,782.00",-1
9/7/2015,ADBL,495,3.54,497,475,489,"2,252","1,091,610.00",1
9/8/2015,ADBL,488,-1.81,496,488,496,651,"322,088.00",1
9/9/2015,ADBL,480,-1.64,480,480,480,41,"19,680.00",-1
9/10/2015,ADBL,479,-0.21,489,472,472,"7,097","3,424,200.00",-1
9/13/2015,ADBL,500,4.38,500,480,480,"9,190","4,422,740.00",1
9/14/2015,ADBL,500,0,511,492,510,"4,489","2,263,300.00",1
9/15/2015,ADBL,495,-1,505,486,510,"1,356","672,126.00",0
9/16/2015,ADBL,487,-1.62,490,486,490,"1,186","578,936.00",-1
9/17/2015,ADBL,480,-1.44,488,475,488,"5,292","2,541,780.00",-1
9/22/2015,ADBL,456,-5,471,456,471,"9,991","4,642,440.00",-1
9/23/2015,ADBL,465,1.97,474,460,465,"9,252","4,268,830.00",-1
9/24/2015,ADBL,460,-1.08,461,456,456,956,"439,860.00",-1
9/28/2015,ADBL,450,-2.17,454,446,451,"1,581","713,289.00",-1
9/29/2015,ADBL,450,0,459,450,450,"2,289","1,030,140.00",-1
9/30/2015,ADBL,450,0,468,442,442,"4,851","2,200,320.00",-1
10/1/2015,ADBL,459,2,460,444,455,"5,128","2,310,970.00",1
10/4/2015,ADBL,451,-1.74,455,443,455,"2,200","991,200.00",0
10/5/2015,ADBL,445,-1.33,460,442,460,"2,871","1,282,620.00",1
10/6/2015,ADBL,440,-1.12,445,435,445,"5,822","2,551,250.00",-1
10/7/2015,ADBL,450,2.27,450,440,440,511,"226,240.00",-1
10/8/2015,ADBL,495,10,495,443,450,"15,581","7,496,980.00",1
10/11/2015,ADBL,530,7.07,544,504,504,"93,601","49,644,300.00",1
10/14/2015,ADBL,494,-6.79,540,493,540,"9,865","4,967,090.00",1
10/15/2015,ADBL,499,1.01,499,476,485,"6,688","3,270,300.00",-1
10/18/2015,ADBL,495,-0.8,495,487,490,"8,306","4,064,550.00",1
10/19/2015,ADBL,500,1.01,500,489,492,"2,033","998,600.00",1
10/25/2015,ADBL,481,-3.8,490,480,490,"2,481","1,194,860.00",-1
10/27/2015,ADBL,472,-1.87,472,465,472,"3,737","1,751,510.00",-1
10/28/2015,ADBL,466,-1.27,472,455,463,"2,955","1,368,610.00",-1
10/29/2015,ADBL,470,0.86,475,466,470,"1,970","922,200.00",1
11/1/2015,ADBL,456,-2.98,469,450,469,"4,509","2,063,280.00",-1
11/2/2015,ADBL,461,1.1,470,450,450,"3,088","1,434,020.00",-1
11/3/2015,ADBL,457,-0.87,457,455,455,81,"36,915.00",1
11/4/2015,ADBL,466,1.97,470,449,449,"1,462","681,376.00",-1
11/5/2015,ADBL,460,-1.29,463,460,463,878,"404,480.00",1
11/8/2015,ADBL,462,0.43,462,451,451,607,"276,552.00",-1
11/9/2015,ADBL,483,4.54,483,469,469,"4,949","2,351,790.00",1
11/10/2015,ADBL,477,-1.24,485,474,474,"8,443","4,023,170.00",1
11/15/2015,ADBL,475,-0.42,475,470,471,"1,170","553,870.00",-1
11/16/2015,ADBL,471,-0.84,471,467,467,250,"116,950.00",-1
11/18/2015,ADBL,470,-0.21,475,467,475,"1,230","576,640.00",1
11/19/2015,ADBL,465,-1.06,475,460,475,"1,940","912,850.00",0
11/22/2015,ADBL,452,-2.8,460,451,460,"2,625","1,190,410.00",-1
11/23/2015,ADBL,452,0,452,449,450,"4,235","1,907,880.00",-1
11/24/2015,ADBL,455,0.66,461,451,461,"1,170","531,661.00",1
11/25/2015,ADBL,450,-1.1,461,448,461,"6,331","2,852,030.00",0
11/26/2015,ADBL,447,-0.67,450,435,446,"2,656","1,172,870.00",-1
11/29/2015,ADBL,420,-6.04,442,420,442,"9,273","3,936,820.00",-1
11/30/2015,ADBL,431,2.62,450,424,428,"4,935","2,134,580.00",-1
12/1/2015,ADBL,454,5.34,454,439,431,"5,943","2,658,366.00",1
12/2/2015,ADBL,451,-0.66,451,445,445,"3,272","1,468,980.00",1
12/3/2015,ADBL,450,-0.22,459,450,455,"3,472","1,572,580.00",1
12/6/2015,ADBL,465,3.33,468,459,459,"2,902","1,335,160.00",1
12/7/2015,ADBL,455,-2.15,456,454,456,860,"391,040.00",-1
12/8/2015,ADBL,451,-0.88,455,447,447,"2,091","946,978.00",-1
12/9/2015,ADBL,469,3.99,469,460,460,"1,612","743,343.00",1
12/10/2015,ADBL,465,-0.85,469,450,469,934,"429,220.00",1
12/13/2015,ADBL,456,-1.93,465,456,465,"1,652","755,440.00",-1
12/14/2015,ADBL,450,-1.32,453,450,452,"2,818","1,270,990.00",-1
12/15/2015,ADBL,445,-1.11,446,440,446,"3,918","1,732,600.00",-1
12/16/2015,ADBL,450,1.12,453,448,450,"7,554","3,401,660.00",1
12/17/2015,ADBL,465,3.33,468,451,451,"1,388","637,154.00",1
12/20/2015,ADBL,481,3.44,483,462,465,"16,618","7,859,498.00",1
12/21/2015,ADBL,529,9.98,529,481,481,"47,347","24,243,546.00",1
12/22/2015,ADBL,512,-3.21,559,510,539,"21,836","11,421,400.00",1
12/23/2015,ADBL,496,-3.12,510,496,512,"6,162","3,098,292.00",-1
12/24/2015,ADBL,510,2.82,510,490,490,"11,469","5,764,820.00",-1
12/27/2015,ADBL,502,-1.57,505,499,502,"12,349","6,175,630.00",1
12/28/2015,ADBL,499,-0.6,504,497,502,"2,290","1,144,350.00",0
12/29/2015,ADBL,500,0.2,508,496,499,"7,138","3,572,922.00",-1
12/31/2015,ADBL,508,1.6,513,500,500,"5,772","2,944,280.00",1
01/03/2016,ADBL,518,1.97,518,499,500,"8,407","4,251,880.00",0
01/04/2016,ADBL,506,-2.32,528,502,518,"6,760","3,441,749.00",1
01/05/2016,ADBL,505,-0.2,515,500,515,"4,135","2,078,990.00",-1
01/06/2016,ADBL,500,-0.99,507,495,495,"4,686","2,343,510.00",-1
01/07/2016,ADBL,515,3,520,505,510,"7,371","3,793,860.00",1
01/10/2016,ADBL,518,0.58,520,506,515,"5,622","2,894,903.00",1
01/11/2016,ADBL,525,1.35,529,511,520,"11,440","5,985,030.00",1
01/12/2016,ADBL,521,-0.76,526,521,525,"4,907","2,569,750.00",1
01/13/2016,ADBL,529,1.54,531,517,521,"2,677","1,399,719.00",-1
01/14/2016,ADBL,545,3.02,545,524,530,"22,823","12,096,500.00",1
01/17/2016,ADBL,570,4.59,591,541,555,"65,709","36,602,500.00",1
01/18/2016,ADBL,580,0.87,608,561,564,"19,463","11,291,000.00",1
01/19/2016,ADBL,568,-2.07,576,547,571,"15,212","8,613,240.00",1
01/20/2016,ADBL,593,4.4,615,579,579,"53,666","31,675,100.00",1
01/21/2016,ADBL,583,-1.69,600,577,593,"23,814","13,960,635.00",1
01/24/2016,ADBL,599,2.74,599,589,583,"34,629","20,527,497.00",-1
01/25/2016,ADBL,595,-0.67,615,594,605,"7,231","4,345,560.00",1
01/26/2016,ADBL,595,0,601,593,595,"16,386","9,752,865.00",-1
01/27/2016,ADBL,585,-1.68,590,580,595,"4,958","2,893,376.00",0
01/28/2016,ADBL,582,-0.51,585,576,580,"6,324","3,664,620.00",-1
01/31/2016,ADBL,574,-1.37,590,571,590,"5,068","2,918,430.00",1
02/01/2016,ADBL,584,1.74,588,572,574,"12,969","7,545,537.00",-1
02/02/2016,ADBL,580,-0.68,595,580,585,"7,156","4,168,980.00",1
02/03/2016,ADBL,574,-1.03,580,572,580,"4,671","2,684,609.00",-1
02/04/2016,ADBL,589,2.61,589,573,580,"11,203","6,492,740.00",0
02/07/2016,ADBL,595,1.02,604,585,589,"12,440","7,361,320.00",1
02/08/2016,ADBL,590,-0.84,594,584,595,"10,270","6,059,581.00",1
02/11/2016,ADBL,580,-1.69,590,580,590,"4,680","2,730,671.00",-1
02/14/2016,ADBL,570,-1.72,579,561,569,"7,802","4,436,080.00",-1
02/15/2016,ADBL,590,3.51,590,555,570,"10,726","6,061,860.00",1
02/16/2016,ADBL,576,-2.37,600,571,590,"4,767","2,799,893.00",1
02/17/2016,ADBL,590,2.43,590,560,576,"14,601","8,528,821.00",-1
02/18/2016,ADBL,588,-0.34,596,588,590,"20,751","12,270,075.00",1
02/21/2016,ADBL,590,0.34,598,585,598,"21,553","12,728,500.00",1
02/22/2016,ADBL,590,0,595,585,585,"6,229","3,688,120.00",-1
02/23/2016,ADBL,605,2.54,609,585,590,"16,364","9,764,387.00",1
02/24/2016,ADBL,595,-1.65,603,590,600,"4,249","2,518,300.00",1
02/25/2016,ADBL,585,-1.68,605,581,585,"5,816","3,430,320.00",-1
02/28/2016,ADBL,590,0.85,595,587,585,"10,168","6,007,273.00",0
02/29/2016,ADBL,589,-0.17,590,586,590,"4,735","2,780,790.00",1
03/01/2016,ADBL,585,-0.68,590,583,590,"4,675","2,730,510.00",0
03/02/2016,ADBL,599,2.39,609,580,585,"3,609","2,136,400.00",-1
03/03/2016,ADBL,617,3,620,590,590,"31,519","19,177,200.00",1
03/06/2016,ADBL,630,2.11,635,610,610,"22,567","14,134,900.00",1
03/10/2016,ADBL,693,10,693,640,640,"69,293","46,707,100.00",1
03/13/2016,ADBL,707,2.02,734,700,706,"133,833","95,856,400.00",1
03/14/2016,ADBL,672,-4.95,715,665,715,"31,398","21,493,100.00",1
03/15/2016,ADBL,665,-1.04,674,655,666,"14,526","9,613,640.00",-1
03/16/2016,ADBL,673,1.35,679,655,662,"9,375","6,249,370.00",-1
03/17/2016,ADBL,666,-1.34,672,665,670,"14,604","9,756,380.00",1
03/20/2016,ADBL,660,-0.75,671,656,664,"16,552","10,983,700.00",-1
03/21/2016,ADBL,648,-1.82,666,648,663,"24,495","16,078,600.00",-1
03/23/2016,ADBL,653,0.77,664,648,650,"8,568","5,600,720.00",-1
03/24/2016,ADBL,655,0.31,678,651,653,"11,367","7,485,528.00",1
03/27/2016,ADBL,673,2.75,673,650,655,"25,338","16,658,204.00",1
03/28/2016,ADBL,671,-0.3,685,658,673,"16,225","10,830,318.00",1
03/29/2016,ADBL,669,-0.3,673,657,671,"7,922","5,281,524.00",-1
03/30/2016,ADBL,665,-0.6,680,661,669,"8,799","5,864,634.00",-1
03/31/2016,ADBL,658,-1.05,663,655,665,"7,572","4,988,530.00",-1
04/03/2016,ADBL,670,1.82,690,652,658,"15,676","10,478,399.00",-1
04/04/2016,ADBL,680,1.49,680,670,670,"12,643","8,525,338.00",1
04/05/2016,ADBL,684,0.59,685,670,670,"22,777","15,508,800.00",0
04/06/2016,ADBL,680,-0.58,689,677,684,"17,535","11,952,975.00",1
04/10/2016,ADBL,671,-1.32,685,670,680,"35,135","23,737,440.00",-1
04/11/2016,ADBL,576,-1.2,584,572,583,"2,445","1,409,412.00",-1
04/12/2016,ADBL,560,-2.78,565,560,576,"1,071","603,510.00",-1
04/14/2016,ADBL,591,5.54,591,560,560,"3,092","1,771,336.00",-1
04/17/2016,ADBL,595,0.68,602,582,602,"7,426","4,379,660.00",1
04/18/2016,ADBL,612,2.86,612,570,595,"12,148","7,248,505.00",-1
04/19/2016,ADBL,599,-2.12,605,590,612,"2,370","1,416,095.00",1
04/20/2016,ADBL,605,1,607,596,599,"12,246","7,361,983.00",-1
04/21/2016,ADBL,630,4.13,630,595,605,"26,726","16,235,359.00",1
04/24/2016,ADBL,640,1.59,649,622,630,"11,906","7,541,497.00",1
04/25/2016,ADBL,655,2.34,663,641,640,"11,479","7,493,199.00",1
04/26/2016,ADBL,638,-2.6,651,638,655,"6,470","4,155,678.00",1
04/27/2016,ADBL,647,1.41,655,632,638,"10,197","6,611,583.00",-1
04/28/2016,ADBL,638,-1.39,651,638,647,"7,618","4,933,592.00",1
05/02/2016,ADBL,640,0.31,645,627,638,"18,127","11,467,485.00",-1
05/03/2016,ADBL,640,0,644,635,640,"7,259","4,633,403.00",1
05/04/2016,ADBL,632,-1.25,639,629,640,"5,406","3,414,300.00",0
05/05/2016,ADBL,632,0,632,610,632,"6,608","4,139,075.00",-1
05/08/2016,ADBL,634,0.32,644,617,632,"5,668","3,564,553.00",0
05/09/2016,ADBL,649,2.37,663,640,640,"20,133","13,029,500.00",1
05/10/2016,ADBL,642,-1.08,659,637,659,"3,444","2,241,680.00",1
05/11/2016,ADBL,655,2.02,655,640,642,"11,538","7,490,374.00",-1
05/12/2016,ADBL,673,2.75,673,655,655,"26,491","17,477,537.00",1
05/15/2016,ADBL,666,-1.04,667,654,661,"4,754","3,149,710.00",1
05/16/2016,ADBL,663,-0.45,663,653,666,"4,406","2,896,216.00",1
05/17/2016,ADBL,680,2.56,680,662,665,"16,189","10,889,100.00",-1
05/18/2016,ADBL,683,0.44,693,680,680,"7,927","5,423,667.00",1
05/19/2016,ADBL,684,0.15,694,675,683,"14,300","9,713,996.00",1
05/22/2016,ADBL,680,-0.58,686,670,684,"2,404","1,636,156.00",1
05/23/2016,ADBL,685,0.74,690,677,680,"14,290","9,764,487.00",-1
05/24/2016,ADBL,690,0.73,695,685,685,"7,665","5,286,530.00",1
05/25/2016,ADBL,682,-1.16,692,671,690,"13,438","9,073,302.00",1
05/26/2016,ADBL,679,-0.44,689,657,682,"5,751","3,902,538.00",-1
05/29/2016,ADBL,679,0,679,660,679,"10,097","6,749,106.00",-1
05/30/2016,ADBL,666,-1.91,679,665,679,"6,432","4,287,041.00",0
05/31/2016,ADBL,659,-1.05,667,653,666,"7,732","5,098,912.00",-1
06/01/2016,ADBL,656,-0.46,665,648,659,"10,461","6,845,190.00",-1
06/02/2016,ADBL,668,1.83,682,656,656,"14,888","9,934,706.00",-1
06/05/2016,ADBL,668,0,674,650,668,"8,658","5,735,256.00",1
06/06/2016,ADBL,670,0.3,670,647,668,"4,113","2,726,752.00",0
06/07/2016,ADBL,677,1.04,680,661,669,"9,201","6,186,240.00",1
06/08/2016,ADBL,677,0,689,676,677,"11,892","8,086,110.00",1
06/09/2016,ADBL,677,0,694,677,680,"7,948","5,422,600.00",1
06/12/2016,ADBL,675,-0.3,689,668,677,"4,476","3,027,832.00",-1
06/13/2016,ADBL,700,3.7,710,680,675,"40,671","28,383,419.00",-1
06/14/2016,ADBL,720,3,725,710,714,"35,182","25,298,400.00",1
06/15/2016,ADBL,720,-0.14,723,712,720,"11,057","7,937,370.00",1
06/16/2016,ADBL,713,-0.97,722,697,720,"14,568","10,267,030.00",0
06/19/2016,ADBL,705,-1.12,714,693,713,"18,341","12,933,260.00",-1
06/20/2016,ADBL,700,-0.71,710,697,705,"10,740","7,545,962.00",-1
06/21/2016,ADBL,703,0.43,720,700,700,"9,949","7,022,531.00",-1
06/22/2016,ADBL,720,2.42,728,706,715,"11,454","8,181,900.00",1
06/23/2016,ADBL,702,-2.5,720,696,720,"6,052","4,275,171.00",1
06/26/2016,ADBL,710,1.14,712,703,702,"7,223","5,121,182.00",-1
06/27/2016,ADBL,739,4.08,739,713,710,"22,093","15,966,204.00",1
06/28/2016,ADBL,735,-0.54,735,721,739,"12,542","9,154,895.00",1
06/29/2016,ADBL,727,-1.09,732,724,735,"10,899","7,932,804.00",-1
06/30/2016,ADBL,722,-0.69,729,716,727,"19,936","14,451,845.00",-1
07/03/2016,ADBL,719,-0.42,720,713,722,"11,526","8,282,487.00",-1
07/04/2016,ADBL,730,1.53,730,710,719,"5,677","4,087,850.00",-1
07/05/2016,ADBL,745,2.05,750,713,730,"20,430","14,750,377.00",1
07/06/2016,ADBL,761,2.15,775,743,743,"24,816","18,965,200.00",1
07/10/2016,ADBL,761,0,765,740,761,"4,691","3,548,440.00",1
07/11/2016,ADBL,777,2.1,789,761,761,"27,375","21,279,724.00",0
07/12/2016,ADBL,766,-1.42,784,720,777,"8,705","6,641,752.00",1
07/13/2016,ADBL,760,-0.78,768,740,766,"10,620","8,007,271.00",-1
07/14/2016,ADBL,768,1.05,775,755,755,"11,763","8,998,420.00",-1
07/17/2016,ADBL,844,9.9,844,765,768,"46,553","38,156,850.00",1
07/18/2016,ADBL,833,-1.3,865,814,844,"28,713","24,282,672.00",1
07/19/2016,ADBL,888,6.6,899,830,830,"53,355","46,055,200.00",-1
07/20/2016,ADBL,976,9.91,976,900,900,"73,449","70,610,300.00",1
07/21/2016,ADBL,984,0.82,"1,010.00",954,976,"43,680","42,840,235.00",1
07/25/2016,ADBL,"1,065.00",8.23,"1,065.00",985,984,"63,729","64,132,381.00",1
07/26/2016,ADBL,"1,082.00",1.6,"1,113.00","1,045.00","1,065.00","37,909","40,983,128.00",1
07/27/2016,ADBL,"1,081.00",-0.09,"1,099.00","1,035.00","1,082.00","40,667","43,100,183.00",1
07/28/2016,ADBL,"1,060.00",-1.94,"1,069.00","1,029.00","1,081.00","33,191","34,914,371.00",-1
07/31/2016,ADBL,"1,038.00",-2.08,"1,068.00","1,020.00","1,060.00","28,865","29,774,506.00",-1
08/01/2016,ADBL,"1,030.00",-0.77,"1,050.00",995,"1,038.00","33,867","34,223,095.00",-1
08/02/2016,ADBL,"1,000.00",-2.91,"1,015.00","1,000.00","1,030.00","58,079","58,488,030.00",-1
08/03/2016,ADBL,"1,002.00",0.2,"1,019.00",982,"1,000.00","23,444","23,497,177.00",-1
08/04/2016,ADBL,970,-3.19,995,955,"1,002.00","30,904","30,373,426.00",1
08/07/2016,ADBL,972,0.21,"1,006.00",970,970,"25,130","25,039,877.00",-1
08/08/2016,ADBL,905,-6.89,965,901,972,"16,460","15,371,467.00",1
08/09/2016,ADBL,995,9.94,995,923,905,"3,567","3,473,347.00",-1
08/10/2016,ADBL,"1,000.00",0.5,"1,020.00",936,"1,010.00","50,652","50,525,800.00",1
08/11/2016,ADBL,"1,020.00",0.99,"1,020.00",992,"1,005.00","33,089","33,098,300.00",-1
08/14/2016,ADBL,970,-5.1,"1,001.00",955,"1,001.00","20,056","19,551,700.00",-1
08/15/2016,ADBL,970,0.21,"1,006.00",946,987,"27,993","27,328,400.00",-1
08/16/2016,ADBL,986,1.55,"1,001.00",970,970,"30,158","29,962,700.00",-1
08/17/2016,ADBL,"1,000.00",1.52,"1,010.00",972,972,"16,569","16,601,500.00",1
08/21/2016,ADBL,995,-0.5,"1,013.00",985,985,"8,813","8,816,940.00",1
08/22/2016,ADBL,964,-3.12,"1,000.00",962,"1,000.00","6,697","6,511,250.00",1
08/23/2016,ADBL,970,0.62,983,948,960,"12,823","12,308,200.00",-1
08/24/2016,ADBL,970,0,984,951,984,"7,338","7,059,280.00",1
08/28/2016,ADBL,965,-0.51,980,958,980,"5,090","4,924,410.00",-1
08/29/2016,ADBL,983,1.87,995,965,971,"14,088","13,759,000.00",-1
08/30/2016,ADBL,999,1.63,"1,002.00",983,"1,000.00","16,862","16,755,700.00",1
08/31/2016,ADBL,999,0,"1,005.00",985,985,"19,708","19,578,400.00",-1
09/01/2016,ADBL,998,-0.1,"1,010.00",990,990,"15,887","15,973,700.00",1
09/04/2016,ADBL,"1,020.00",2.2,"1,029.00",989,991,"13,611","13,681,300.00",1
09/05/2016,ADBL,"1,043.00",2.25,"1,056.00","1,020.00","1,020.00","34,803","36,427,600.00",1
09/06/2016,ADBL,"1,028.00",-1.44,"1,055.00","1,011.00","1,040.00","25,608","26,702,200.00",1
09/07/2016,ADBL,"1,065.00",3.6,"1,065.00","1,011.00","1,035.00","62,511","65,481,600.00",-1
09/08/2016,ADBL,"1,054.00",-1.03,"1,058.00","1,040.00","1,051.00","15,717","16,504,300.00",1
09/11/2016,ADBL,"1,050.00",-0.38,"1,075.00","1,042.00","1,055.00","29,449","30,976,300.00",1
09/12/2016,ADBL,"1,050.00",0,"1,060.00","1,048.00","1,050.00","29,095","30,665,700.00",-1
09/14/2016,ADBL,"1,050.00",0,"1,059.00","1,046.00","1,055.00","11,695","12,301,200.00",1
09/18/2016,ADBL,"1,040.00",0,"1,052.00","1,035.00","1,045.00","11,307","11,818,000.00",-1
09/20/2016,ADBL,"1,044.00",-0.57,"1,071.00","1,040.00","1,071.00","42,584","44,752,100.00",1
09/21/2016,ADBL,"1,025.00",-1.82,"1,045.00","1,020.00","1,037.00","24,012","24,686,700.00",-1
09/22/2016,ADBL,"1,019.00",-0.59,"1,032.00",997,"1,032.00","31,362","31,848,800.00",-1
09/26/2016,ADBL,675,-3.16,690,659,697,"10,691","7,175,950.00",-1
09/27/2016,ADBL,672,-0.44,684,672,677,"4,456","3,015,420.00",-1
09/28/2016,ADBL,672,0,677,670,672,"1,414","952,154.00",-1
09/29/2016,ADBL,670,-0.3,670,660,660,"3,261","2,179,260.00",-1
10/02/2016,ADBL,680,1.49,684,670,683,"4,644","3,147,380.00",1
10/03/2016,ADBL,672,-1.18,690,670,680,"2,351","1,602,080.00",-1
10/04/2016,ADBL,668,-0.6,680,667,670,"7,550","5,062,160.00",-1
10/05/2016,ADBL,680,1.8,680,667,680,"1,002","674,106.00",1
10/06/2016,ADBL,683,0.44,690,670,685,"2,238","1,518,930.00",1
10/16/2016,ADBL,683,0,703,679,683,"1,795","1,231,300.00",-1
10/17/2016,ADBL,669,-2.05,683,660,683,"3,931","2,631,480.00",0
10/18/2016,ADBL,670,0.15,675,661,661,"1,206","804,747.00",-1
10/19/2016,ADBL,665,-0.75,670,660,668,"3,950","2,620,050.00",1
10/20/2016,ADBL,669,0.6,677,661,677,"2,944","1,967,200.00",1
10/23/2016,ADBL,655,-2.09,665,655,660,"6,226","4,100,590.00",-1
10/24/2016,ADBL,653,-0.31,661,649,660,"7,673","5,004,550.00",0
10/25/2016,ADBL,645,-1.23,650,640,650,"3,856","2,481,780.00",-1
10/26/2016,ADBL,642,-0.47,650,640,650,"4,364","2,809,910.00",0
10/27/2016,ADBL,638,-0.62,645,630,630,"2,964","1,899,280.00",-1
11/03/2016,ADBL,645,1.1,650,626,630,906,"577,224.00",0
11/07/2016,ADBL,625,-3.1,646,615,646,"1,784","1,127,020.00",1
11/08/2016,ADBL,610,-2.4,630,605,630,"5,340","3,293,820.00",-1
11/09/2016,ADBL,600,-1.64,613,594,613,"5,406","3,247,290.00",-1
11/10/2016,ADBL,600,0,607,596,605,"4,874","2,927,350.00",-1
11/13/2016,ADBL,600,0,610,598,610,"7,038","4,235,380.00",1
11/14/2016,ADBL,600,0,609,595,609,"6,752","4,045,870.00",-1
11/15/2016,ADBL,597,-0.67,612,590,610,"7,995","4,812,880.00",1
11/16/2016,ADBL,595,-0.17,600,588,595,"4,803","2,861,580.00",-1
11/17/2016,ADBL,580,-2.52,595,580,595,"5,087","2,979,230.00",0
11/20/2016,ADBL,556,-4.14,571,530,571,"6,046","3,314,280.00",-1
11/21/2016,ADBL,555,-0.18,565,541,562,"6,653","3,669,880.00",-1
11/22/2016,ADBL,550,-0.9,560,538,560,"6,174","3,389,710.00",-1
11/23/2016,ADBL,525,-4.54,540,520,540,"9,827","5,206,230.00",-1
11/24/2016,ADBL,527,0.38,540,523,535,"10,536","5,553,950.00",-1
11/27/2016,ADBL,502,-4.74,528,500,522,"14,556","7,400,230.00",-1
11/28/2016,ADBL,525,4.58,535,480,495,"20,030","9,903,600.00",-1
11/29/2016,ADBL,555,5.71,560,505,515,"6,827","3,685,040.00",1
11/30/2016,ADBL,576,3.78,589,550,560,"17,082","9,590,590.00",1
12/01/2016,ADBL,575,-0.17,590,556,580,"12,639","7,301,000.00",1
12/04/2016,ADBL,558,-2.96,571,558,571,"3,739","2,095,270.00",-1
12/05/2016,ADBL,545,-2.33,558,530,556,"3,418","1,858,250.00",-1
12/06/2016,ADBL,550,0.92,555,540,554,"3,030","1,658,240.00",-1
12/07/2016,ADBL,550,0,553,543,554,"1,850","1,014,610.00",0
12/08/2016,ADBL,540,-1.82,550,540,546,"4,444","2,408,360.00",-1
12/11/2016,ADBL,530,-1.85,541,529,540,"3,290","1,755,130.00",-1
12/12/2016,ADBL,525,-0.94,530,515,530,"1,484","775,586.00",-1
12/14/2016,ADBL,530,0.95,535,525,535,"5,246","2,776,290.00",1
12/15/2016,ADBL,542,2.26,542,530,535,"4,365","2,336,920.00",0
12/18/2016,ADBL,540,-0.37,540,525,540,"6,847","3,651,600.00",1
12/19/2016,ADBL,520,-3.7,535,520,535,"6,963","3,662,720.00",-1
12/20/2016,ADBL,520,0,530,505,520,"9,974","5,158,260.00",-1
12/21/2016,ADBL,511,-1.73,525,500,511,"6,654","3,429,880.00",-1
12/22/2016,ADBL,513,0.39,513,506,510,"8,026","4,103,400.00",-1
12/26/2016,ADBL,497,-3.12,510,497,503,"7,763","3,894,720.00",-1
12/27/2016,ADBL,495,-0.4,506,483,488,"10,568","5,233,620.00",-1
12/28/2016,ADBL,498,0.61,505,495,500,"5,725","2,863,190.00",1
12/29/2016,ADBL,526,5.62,526,502,502,"19,494","10,089,200.00",1
1/1/2017,ADBL,545,3.61,555,535,535,"18,373","10,076,900.00",1
1/2/2017,ADBL,546,0,560,545,550,"19,457","10,709,700.00",1
1/3/2017,ADBL,530,-2.75,550,530,550,"8,202","4,415,200.00",0
1/4/2017,ADBL,530,0,535,510,535,"6,130","3,225,780.00",-1
1/5/2017,ADBL,528,-0.38,533,520,520,"8,287","4,378,950.00",-1
1/8/2017,ADBL,524,-0.76,529,520,525,"5,593","2,926,080.00",1
1/9/2017,ADBL,540,3.05,540,521,525,"5,545","2,947,040.00",0
1/10/2017,ADBL,540,0,550,540,540,"4,148","2,249,680.00",1
1/11/2017,ADBL,540,0,550,540,550,"8,359","4,558,610.00",1
1/12/2017,ADBL,542,0.37,546,531,540,"5,428","2,925,150.00",-1
1/15/2017,ADBL,534,-1.48,542,530,535,"2,339","1,253,890.00",-1
1/16/2017,ADBL,530,-1.31,536,527,534,"2,058","1,091,490.00",-1
1/17/2017,ADBL,523,-0.76,529,523,527,"3,270","1,719,020.00",-1
1/18/2017,ADBL,520,-0.57,530,520,528,"3,386","1,783,070.00",1
1/19/2017,ADBL,528,1.54,529,521,525,"1,913","1,002,020.00",-1
1/22/2017,ADBL,526,-0.38,531,526,531,"2,773","1,466,140.00",1
1/23/2017,ADBL,520,-1.14,524,520,524,"2,679","1,395,360.00",-1
1/24/2017,ADBL,508,-2.31,530,500,530,"7,839","4,008,780.00",1
1/25/2017,ADBL,490,-3.54,505,480,505,"25,727","12,653,100.00",-1
1/26/2017,ADBL,460,-6.12,490,455,490,"33,136","15,482,300.00",-1
1/30/2017,ADBL,442,-3.91,465,442,451,"12,799","5,774,560.00",-1
1/31/2017,ADBL,458,3.62,464,435,435,"11,409","5,152,830.00",-1
2/1/2017,ADBL,483,5.46,485,465,466,"9,886","4,711,200.00",1
2/2/2017,ADBL,483,0,500,480,492,"15,620","7,632,900.00",1
2/5/2017,ADBL,470,-2.69,492,470,492,"3,121","1,489,850.00",0
2/6/2017,ADBL,455,-3.19,468,455,465,"5,122","2,362,050.00",-1
2/7/2017,ADBL,455,0,463,451,456,"4,245","1,938,380.00",-1
2/8/2017,ADBL,450,-1.1,460,448,457,"9,700","4,386,160.00",1
2/9/2017,ADBL,445,-1.11,453,440,443,"12,428","5,537,810.00",-1
2/12/2017,ADBL,429,-3.59,453,416,453,"11,551","4,886,510.00",1
2/13/2017,ADBL,440,2.56,443,413,422,"11,039","4,662,840.00",-1
2/14/2017,ADBL,437,-0.68,447,424,447,"13,085","5,708,470.00",1
2/15/2017,ADBL,453,3.66,456,442,445,"12,899","5,819,820.00",-1
2/16/2017,ADBL,453,0,460,450,455,"15,709","7,107,380.00",1
2/19/2017,ADBL,445,-1.77,452,441,452,"23,260","10,365,700.00",-1
2/20/2017,ADBL,440,-1.12,455,440,453,"17,150","7,643,190.00",1
2/21/2017,ADBL,439,-0.23,465,437,448,"18,863","8,376,470.00",-1
2/22/2017,ADBL,434,-1.14,442,430,442,"22,813","9,908,820.00",-1
2/23/2017,ADBL,440,1.38,442,427,429,"14,367","6,260,780.00",-1
2/26/2017,ADBL,434,-1.36,445,430,445,"6,391","2,788,330.00",1
2/28/2017,ADBL,421,-3,426,417,426,"16,732","7,032,220.00",-1
3/1/2017,ADBL,430,2.14,430,421,421,"5,008","2,135,040.00",-1
3/2/2017,ADBL,435,1.16,435,425,435,"5,828","2,521,300.00",1
3/7/2017,ADBL,440,-2.23,443,439,442,"5,596","2,467,240.00",1
3/9/2017,ADBL,445,1.37,452,444,444,"3,547","1,583,560.00",1
3/13/2017,ADBL,440,-1.12,450,440,445,"5,870","2,600,360.00",1
3/14/2017,ADBL,441,0.23,450,440,447,"9,273","4,113,210.00",1
3/15/2017,ADBL,448,1.59,449,443,449,"3,091","1,376,750.00",1
3/16/2017,ADBL,445,-0.67,452,441,452,"9,046","4,012,640.00",1
3/19/2017,ADBL,451,1.35,454,445,445,"10,196","4,592,620.00",-1
3/20/2017,ADBL,461,2.22,465,455,455,"16,216","7,455,760.00",1
3/21/2017,ADBL,484,4.99,484,460,462,"26,819","12,587,300.00",1
3/22/2017,ADBL,490,1.65,515,485,493,"45,578","22,839,000.00",1
3/23/2017,ADBL,511,3.86,514,493,501,"42,052","21,317,000.00",1
3/26/2017,ADBL,562,9.98,562,512,513,"86,224","47,708,800.00",1
3/28/2017,ADBL,595,5.87,606,573,562,"63,335","37,423,649.00",1
3/29/2017,ADBL,565,-5.88,615,550,595,"122,754","70,858,145.00",1
3/30/2017,ADBL,574,1.59,577,555,565,"151,987","86,067,068.00",-1
4/3/2017,ADBL,504,5.44,525,487,478,"86,048","43,752,600.00",-1
4/4/2017,ADBL,495,-1.79,508,480,504,"38,622","19,049,500.00",1
4/6/2017,ADBL,482,-2.63,495,474,495,"42,085","20,121,788.00",-1
4/9/2017,ADBL,472,-2.07,485,470,484,"26,361","12,443,900.00",-1
4/10/2017,ADBL,471,-0.21,485,467,473,"24,705","11,622,500.00",-1
4/11/2017,ADBL,489,3.82,494,470,470,"29,427","14,275,700.00",-1
4/12/2017,ADBL,480,-1.84,500,480,492,"43,976","21,570,000.00",1
4/13/2017,ADBL,472,-1.67,482,468,475,"25,576","12,157,700.00",-1
4/16/2017,ADBL,460,-2.54,481,457,474,"14,433","6,817,340.00",-1
4/18/2017,ADBL,450,-2.17,460,443,452,"26,897","12,146,100.00",-1
4/19/2017,ADBL,463,2.89,469,453,450,"15,551","7,173,984.00",-1
4/20/2017,ADBL,465,0.43,483,463,464,"32,994","15,564,800.00",1
4/23/2017,ADBL,472,1.51,511,472,465,"45,549","21,857,591.00",1
4/24/2017,ADBL,469,-0.64,474,466,472,"23,133","10,859,200.00",1
4/25/2017,ADBL,469,0,472,464,465,"17,195","8,041,380.00",-1
4/26/2017,ADBL,467,-0.43,472,465,470,"9,098","4,257,990.00",1
4/27/2017,ADBL,466,-0.21,475,463,463,"15,743","7,381,180.00",-1
4/30/2017,ADBL,459,-1.5,470,454,460,"18,728","8,571,260.00",-1
5/2/2017,ADBL,460,0.44,468,445,455,"22,562","10,244,600.00",-1
5/3/2017,ADBL,461,0,478,457,470,"13,689","6,359,860.00",1
5/4/2017,ADBL,460,-0.22,478,454,461,"10,579","4,862,370.00",-1
5/7/2017,ADBL,454,-1.3,464,453,460,"5,619","2,567,369.00",-1
5/8/2017,ADBL,460,1.32,465,446,446,"16,791","7,593,540.00",-1
5/9/2017,ADBL,457,-0.65,461,452,460,"21,081","9,605,186.00",1
5/11/2017,ADBL,464,1.53,466,461,465,"12,423","5,755,860.00",1
5/15/2017,ADBL,465,0.21,471,460,470,"10,542","4,873,560.00",1
5/16/2017,ADBL,456,-1.93,465,455,461,"7,225","3,308,820.00",-1
5/17/2017,ADBL,455,-0.22,460,454,455,"4,811","2,194,660.00",-1
5/18/2017,ADBL,451,-0.88,458,450,455,"6,117","2,771,963.00",0
5/21/2017,ADBL,450,-0.22,460,444,460,"10,460","4,687,100.00",1
5/22/2017,ADBL,447,-0.44,450,441,441,"3,174","1,418,900.00",-1
5/23/2017,ADBL,450,0.45,455,443,445,"6,912","3,118,400.00",1
5/24/2017,ADBL,455,1.11,456,448,450,"11,662","5,282,774.00",1
5/28/2017,ADBL,451,-1.1,455,445,454,"9,086","4,093,680.00",1
5/30/2017,ADBL,444,-1.33,450,441,450,"7,182","3,193,640.00",-1
5/31/2017,ADBL,450,1.35,455,439,444,"8,727","3,874,255.00",-1
6/1/2017,ADBL,446,-0.89,459,444,455,"14,518","6,514,330.00",1
6/4/2017,ADBL,445,-0.22,450,440,450,"10,779","4,796,060.00",-1
6/5/2017,ADBL,443,-0.45,450,443,446,"12,176","5,438,370.00",-1
6/6/2017,ADBL,454,2.48,458,448,450,"10,899","4,918,320.00",1
6/7/2017,ADBL,453,-0.22,463,450,463,"14,334","6,502,550.00",1
6/8/2017,ADBL,449,-0.88,452,444,444,"6,842","3,058,880.00",-1
6/11/2017,ADBL,443,-1.11,448,440,442,"7,886","3,493,480.00",-1
6/12/2017,ADBL,445,0.23,446,434,445,"9,184","4,039,320.00",1
6/13/2017,ADBL,435,-2.25,444,435,438,"13,963","6,114,370.00",-1
6/14/2017,ADBL,435,0,440,434,435,"8,869","3,869,750.00",-1
6/15/2017,ADBL,440,1.15,442,432,436,"15,064","6,569,560.00",1
6/18/2017,ADBL,431,-2.05,440,428,440,"19,261","8,290,076.00",1
6/19/2017,ADBL,427,-0.93,431,417,431,"21,359","9,040,690.00",-1
6/20/2017,ADBL,423,-0.94,429,415,429,"12,740","5,380,470.00",-1
6/21/2017,ADBL,422,-0.47,425,417,417,"6,334","2,673,680.00",-1
6/22/2017,ADBL,421,0,429,420,422,"16,465","6,949,120.00",1
6/25/2017,ADBL,423,0.48,426,419,425,"10,516","4,451,700.00",1
6/27/2017,ADBL,423,-0.24,425,420,424,"11,352","4,795,480.00",-1
6/28/2017,ADBL,428,1.42,428,415,415,"10,162","4,287,790.00",-1
7/2/2017,ADBL,428,0,430,419,428,"14,946","6,315,360.00",1
7/3/2017,ADBL,423,-1.17,430,420,420,"7,794","3,311,500.00",-1
7/4/2017,ADBL,420,-0.71,426,419,423,"13,712","5,768,670.00",1
7/5/2017,ADBL,425,1.19,425,419,422,"11,348","4,786,380.00",-1
7/6/2017,ADBL,430,2.82,437,425,430,"18,660","7,970,360.00",1
7/9/2017,ADBL,441,0.92,446,430,437,"20,091","8,794,058.00",1
7/10/2017,ADBL,433,-1.81,440,430,440,"12,785","5,585,370.00",1
7/11/2017,ADBL,435,0.46,440,430,433,"9,864","4,318,390.00",-1
7/12/2017,ADBL,433,-0.69,440,432,435,"8,794","3,825,060.00",1
7/13/2017,ADBL,431,0.69,437,430,436,"12,875","5,549,590.00",1
7/16/2017,ADBL,433,-0.46,435,430,432,"4,465","1,927,020.00",-1
7/17/2017,ADBL,447,3.46,448,433,433,"16,129","7,096,070.00",1
7/18/2017,ADBL,472,5.36,472,449,449,"27,796","12,739,700.00",1
7/19/2017,ADBL,460,-2.54,470,460,470,"21,239","9,884,870.00",1
7/20/2017,ADBL,463,0.22,465,454,460,"10,954","5,040,010.00",-1
7/23/2017,ADBL,459,-0.43,465,455,465,"16,709","7,668,930.00",1
7/24/2017,ADBL,455,-0.87,460,454,460,"13,393","6,112,030.00",-1
7/25/2017,ADBL,458,0.66,461,454,455,"16,138","7,380,110.00",-1
7/26/2017,ADBL,450,-1.75,460,448,449,"22,953","10,401,100.00",-1
7/27/2017,ADBL,460,2.22,460,450,450,"11,335","5,133,610.00",1
7/30/2017,ADBL,451,-1.96,461,445,454,"9,537","4,331,120.00",1
7/31/2017,ADBL,454,0.44,459,450,450,"12,315","5,598,250.00",-1
8/1/2017,ADBL,454,0.22,469,450,451,"9,280","4,235,330.00",1
8/2/2017,ADBL,454,0,456,453,455,"12,168","5,532,200.00",1
8/3/2017,ADBL,453,-0.22,459,450,454,"14,097","6,379,143.00",-1
8/6/2017,ADBL,454,0.22,456,450,450,"18,930","8,598,440.00",-1
8/7/2017,ADBL,453,-0.22,463,452,463,"11,926","5,419,900.00",1
8/9/2017,ADBL,450,-0.66,460,444,444,"17,516","7,934,360.00",-1
8/10/2017,ADBL,448,0,454,443,450,"21,245","9,497,820.00",1
8/13/2017,ADBL,445,-1.11,449,440,445,"14,415","6,423,460.00",-1
8/15/2017,ADBL,441,-0.9,446,441,445,"15,104","6,699,560.00",0
8/16/2017,ADBL,444,0.68,448,442,442,"11,304","5,021,860.00",-1
8/17/2017,ADBL,443,-0.23,449,438,449,"23,326","10,279,600.00",1
8/20/2017,ADBL,440,-0.68,444,435,435,"16,054","7,075,870.00",-1
8/21/2017,ADBL,438,-0.45,442,432,440,"5,674","2,474,780.00",1
8/22/2017,ADBL,441,0.68,442,436,436,"12,396","5,447,830.00",-1
8/23/2017,ADBL,441,0,442,438,440,"7,718","3,396,670.00",1
8/24/2017,ADBL,443,0.45,453,434,441,"11,438","5,093,781.00",1
8/27/2017,ADBL,446,0.68,451,443,443,"3,889","1,732,805.00",1
8/28/2017,ADBL,446,0,452,444,444,"7,897","3,519,690.00",1
8/30/2017,ADBL,438,-1.79,443,435,446,"14,820","6,508,340.00",1
8/31/2017,ADBL,437,-0.23,438,432,438,"15,528","6,769,346.00",-1
9/4/2017,ADBL,430,-1.6,439,426,437,"33,009","14,133,500.00",-1
9/6/2017,ADBL,438,1.86,440,425,430,"11,603","4,994,220.00",-1
9/7/2017,ADBL,428,-2.28,438,426,435,"34,082","14,711,400.00",1
9/10/2017,ADBL,426,-0.7,431,423,425,"37,704","16,076,700.00",-1
9/11/2017,ADBL,424,-0.24,430,420,425,"17,950","7,592,940.00",0
9/12/2017,ADBL,421,-0.71,426,420,423,"27,903","11,782,800.00",-1
9/13/2017,ADBL,420,-0.24,423,418,420,"32,249","13,538,900.00",-1
9/14/2017,ADBL,447,6.43,447,419,420,"42,524","18,361,200.00",0
9/17/2017,ADBL,447,0,459,438,448,"49,764","22,001,400.00",1
9/18/2017,ADBL,443,-0.89,452,443,450,"33,400","14,877,400.00",1
9/20/2017,ADBL,440,-0.9,443,435,441,"10,450","4,599,400.00",-1
9/24/2017,ADBL,441,0.46,443,439,440,"3,718","1,638,800.00",-1
9/25/2017,ADBL,448,1.59,448,440,441,"2,882","1,272,840.00",1
9/26/2017,ADBL,445,0,449,443,446,"5,132","2,286,880.00",1
10/3/2017,ADBL,453,1.12,453,446,446,"3,164","1,415,630.00",0
10/4/2017,ADBL,440,-2.87,450,437,450,"6,475","2,854,120.00",1
10/8/2017,ADBL,431,-1.82,432,420,432,"15,759","6,712,530.00",-1
10/9/2017,ADBL,429,-0.23,433,425,433,"17,649","7,561,100.00",1
10/10/2017,ADBL,427,-0.93,438,423,427,"19,003","8,118,040.00",-1
10/11/2017,ADBL,428,0.23,431,425,427,"11,993","5,132,940.00",0
10/12/2017,ADBL,430,0.47,435,428,428,"4,974","2,143,240.00",1
10/15/2017,ADBL,433,0.93,433,427,432,"5,553","2,393,190.00",1
10/16/2017,ADBL,442,2.08,451,434,435,"18,696","8,294,490.00",1
10/17/2017,ADBL,449,1.58,450,436,440,"12,124","5,388,920.00",1
10/18/2017,ADBL,444,-1.11,450,438,446,"12,688","5,628,710.00",1
10/22/2017,ADBL,450,1.35,458,436,436,"11,183","5,051,660.00",-1
10/23/2017,ADBL,449,-0.22,455,445,450,"12,644","5,695,162.00",1
10/24/2017,ADBL,448,-0.22,452,445,449,"9,549","4,278,475.00",-1
10/25/2017,ADBL,449,0.22,451,444,444,"17,137","7,675,860.00",-1
10/29/2017,ADBL,442,-1.56,447,440,441,"7,203","3,185,820.00",-1
10/30/2017,ADBL,437,-1.13,443,437,441,"13,723","6,029,800.00",0
10/31/2017,ADBL,437,0,440,433,433,"8,889","3,866,220.00",-1
11/1/2017,ADBL,434,-0.69,437,429,429,"6,291","2,725,030.00",-1
11/2/2017,ADBL,440,1.38,442,430,434,"8,331","3,632,380.00",1
11/5/2017,ADBL,430,-2.27,440,424,440,"16,936","7,255,080.00",1
11/6/2017,ADBL,429,-0.23,430,420,430,"29,796","12,642,926.00",-1
11/7/2017,ADBL,422,-1.63,436,420,436,"26,141","11,088,700.00",1
11/8/2017,ADBL,416,-1.42,422,414,414,"17,305","7,217,970.00",-1
11/9/2017,ADBL,415,-0.24,427,412,416,"9,434","3,918,030.00",1
11/12/2017,ADBL,423,1.93,425,415,415,"9,098","3,815,462.00",-1
11/13/2017,ADBL,428,1.18,428,420,426,"14,684","6,245,010.00",1
11/14/2017,ADBL,432,0.93,434,424,430,"14,580","6,256,960.00",1
11/15/2017,ADBL,428,-0.93,432,426,430,"3,596","1,544,400.00",0
11/16/2017,ADBL,420,-1.87,435,420,435,"13,740","5,797,380.00",1
11/19/2017,ADBL,420,0,422,412,420,"13,373","5,575,148.00",-1
11/20/2017,ADBL,421,0.24,422,418,418,"4,579","1,923,520.00",-1
11/21/2017,ADBL,423,0.48,425,421,421,"4,762","2,015,100.00",1
11/22/2017,ADBL,425,0.47,429,421,423,"5,998","2,539,740.00",1
11/23/2017,ADBL,425,0,430,425,425,"7,260","3,103,718.00",1
11/26/2017,ADBL,432,1.65,441,425,425,"10,953","4,710,293.00",0
11/27/2017,ADBL,430,-0.46,435,430,435,"6,918","2,983,040.00",1
11/28/2017,ADBL,431,0.23,432,425,430,"12,551","5,401,050.00",-1
11/29/2017,ADBL,436,1.16,439,430,430,"19,013","8,283,530.00",0
11/30/2017,ADBL,437,0.23,438,431,436,"10,518","4,566,990.00",1
12/4/2017,ADBL,435,-0.46,437,430,437,"10,306","4,465,820.00",1
12/5/2017,ADBL,431,-0.92,442,430,442,"6,588","2,837,520.00",1
12/6/2017,ADBL,435,0.93,437,426,426,"9,725","4,204,610.00",-1
12/10/2017,ADBL,430,-1.15,451,428,443,"11,646","5,072,150.00",1
12/11/2017,ADBL,431,0.23,433,424,429,"12,873","5,506,810.00",-1
12/12/2017,ADBL,427,-0.93,431,426,431,"15,642","6,693,620.00",1
12/13/2017,ADBL,428,0.23,431,421,425,"4,262","1,812,380.00",-1
12/14/2017,ADBL,425,-0.7,433,425,433,"3,701","1,577,650.00",1
12/17/2017,ADBL,423,-0.47,430,423,430,"6,121","2,599,500.00",-1
12/18/2017,ADBL,425,0.71,426,422,422,"4,333","1,839,010.00",-1
12/19/2017,ADBL,424,-0.47,426,421,424,"8,052","3,410,220.00",1
12/20/2017,ADBL,423,-0.47,426,419,421,"3,192","1,350,380.00",-1
12/21/2017,ADBL,420,-0.47,423,417,417,"7,557","3,178,270.00",-1
12/24/2017,ADBL,421,0.24,428,420,420,"7,917","3,341,180.00",1
12/26/2017,ADBL,420,-0.24,426,411,421,"7,244","3,040,975.00",1
12/27/2017,ADBL,415,-1.19,418,408,413,"11,368","4,701,950.00",-1
12/28/2017,ADBL,410,-1.2,417,400,408,"9,917","4,064,960.00",-1
12/31/2017,ADBL,402,-1.95,409,400,409,"27,546","11,089,100.00",1